name,dataset,1000,2000,3000,4000,5000,6000,7000,8000,9000,10000,11000,12000,13000,14000,15000,16000,17000,18000,19000,20000
UTSA,Cane,0.507,0.75,0.831,0.847,0.847,0.831,0.831,0.831,0.831,0.831,0.831,0.831,0.831,0.831,0.831,0.831,0.831,0.831,0.831,0.831
UTSA,DutchFactory,0.91,0.999,0.999,0.999,0.999,0.999,0.999,0.999,0.998,0.998,0.998,0.998,0.998,0.998,0.998,0.998,0.998,0.998,0.998,0.998
UTSA,EEGRat,0.738,0.885,0.885,0.885,0.885,0.885,0.885,0.885,0.885,0.885,0.885,0.885,0.885,0.885,0.885,0.885,0.885,0.885,0.885,0.885
UTSA,EEGRat2,0.724,0.739,0.739,0.739,0.739,0.739,0.739,0.739,0.739,0.739,0.739,0.739,0.739,0.739,0.739,0.739,0.739,0.739,0.739,0.739
UTSA,Fetal2013,0.927,0.688,0.821,0.879,0.996,0.996,0.781,0.781,0.781,0.781,0.781,0.996,0.781,0.781,0.995,0.82,0.82,0.781,0.781,0.781
UTSA,GrandMalSeizures,0.511,0.498,0.474,0.474,0.509,0.54,0.528,0.528,0.54,0.542,0.542,0.539,0.542,0.543,0.541,0.54,0.541,0.541,0.541,0.541
UTSA,GrandMalSeizures2,0.838,0.752,0.752,0.752,0.724,0.753,0.765,0.762,0.763,0.761,0.732,0.732,0.732,0.732,0.732,0.732,0.732,0.732,0.732,0.732
UTSA,GreatBarbet1,0.756,0.877,0.878,0.857,0.877,0.877,0.877,0.877,0.877,0.877,0.877,0.877,0.877,0.877,0.877,0.877,0.877,0.877,0.877,0.877
UTSA,GreatBarbet2,0.883,0.981,0.978,0.817,0.817,0.817,0.817,0.817,0.817,0.817,0.817,0.817,0.817,0.817,0.817,0.817,0.817,0.817,0.817,0.817
UTSA,InsectEPG1,0.776,0.804,0.653,0.737,0.737,0.699,0.515,0.616,0.752,0.751,0.617,0.515,0.515,0.514,0.514,0.509,0.509,0.509,0.509,0.509
UTSA,InsectEPG2,0.983,0.982,0.981,0.978,0.977,0.977,0.977,0.977,0.979,0.981,0.981,0.981,0.981,0.981,0.981,0.981,0.981,0.981,0.981,0.981
UTSA,InsectEPG3,0.693,0.964,0.907,0.908,0.909,0.91,0.997,0.997,0.997,0.997,0.997,0.997,0.997,0.997,0.997,0.997,0.997,0.997,0.997,0.997
UTSA,InsectEPG4,0.58,0.941,0.946,0.948,0.942,0.942,0.941,0.987,0.987,0.987,0.987,0.987,0.987,0.986,0.986,0.94,0.94,0.986,0.985,0.985
UTSA,NogunGun,0.988,0.625,0.802,0.802,0.802,0.802,0.802,0.802,0.802,0.802,0.802,0.802,0.802,0.802,0.802,0.802,0.802,0.802,0.802,0.802
UTSA,PigInternalBleedingDatasetAirwayPressure,0.5,0.483,0.488,0.488,0.488,0.488,0.483,0.483,0.483,0.483,0.483,0.483,0.483,0.483,0.483,0.483,0.483,0.483,0.483,0.483
UTSA,PigInternalBleedingDatasetArtPressureFluidFilled,0.632,0.5,0.5,0.995,0.995,0.995,0.995,0.995,0.995,0.995,0.995,0.995,0.995,0.995,0.995,0.995,0.995,0.995,0.995,0.995
UTSA,PigInternalBleedingDatasetCVP,0.571,0.5,0.5,0.998,0.992,0.992,0.992,0.986,0.986,0.986,0.985,0.985,0.985,0.985,0.985,0.985,0.985,0.985,0.985,0.985
UTSA,Powerdemand,0.325,0.335,0.335,0.335,0.354,0.335,0.335,0.335,0.335,0.335,0.335,0.335,0.335,0.335,0.335,0.335,0.335,0.335,0.335,0.335
UTSA,PulsusParadoxusECG1,0.557,0.702,0.823,0.852,0.853,0.852,0.852,0.852,0.852,1.0,1.0,1.0,1.0,1.0,1.0,1.0,1.0,1.0,1.0,1.0
UTSA,PulsusParadoxusECG2,0.32,0.673,0.824,0.824,0.824,0.824,0.821,0.824,0.824,0.824,0.821,0.821,0.821,0.821,0.821,0.821,0.821,0.821,0.821,0.821
UTSA,PulsusParadoxusSP02,0.844,0.837,0.659,0.698,0.699,0.665,0.665,0.665,0.665,0.665,0.665,0.664,0.664,0.664,0.664,0.664,0.664,0.664,0.664,0.664
UTSA,RoboticDogActivityX,0.904,0.998,0.998,0.997,0.997,0.997,0.997,0.997,0.997,0.996,0.996,0.996,0.996,0.996,0.996,0.996,0.996,0.996,0.996,0.996
UTSA,RoboticDogActivityY,0.899,0.98,0.979,0.998,0.997,0.997,0.997,0.997,0.998,0.997,0.997,0.997,0.996,0.996,0.996,0.996,0.996,0.996,0.996,0.996
UTSA,RoboticDogActivityZ,0.524,0.356,0.996,0.575,0.575,0.575,0.575,0.656,0.656,0.656,0.656,0.656,0.656,0.656,0.656,0.656,0.656,0.656,0.656,0.656
UTSA,SimpleSynthetic,0.995,0.995,0.995,0.995,0.995,0.995,0.995,0.995,0.995,0.995,0.995,0.995,0.995,0.995,0.995,0.995,0.995,0.995,0.995,0.995
UTSA,SuddenCardiacDeath1,0.771,0.682,0.682,0.682,0.681,0.682,0.683,0.683,0.683,0.683,0.681,0.739,0.739,0.739,0.739,0.739,0.739,0.739,0.739,0.739
UTSA,SuddenCardiacDeath2,0.996,0.754,0.917,0.992,0.993,0.992,0.992,0.992,0.992,0.992,0.992,0.992,0.992,0.992,0.992,0.992,0.992,0.992,0.992,0.992
UTSA,SuddenCardiacDeath3,0.493,0.499,0.492,0.472,0.472,0.473,0.473,0.942,0.942,0.942,0.942,0.942,0.942,0.942,0.942,0.942,0.942,0.942,0.942,0.942
UTSA,TiltABP,0.531,0.429,0.251,0.354,0.36,0.341,0.36,0.446,0.445,0.445,0.357,0.357,0.445,0.445,0.445,0.445,0.445,0.445,0.445,0.445
UTSA,TiltECG,0.531,0.736,0.738,0.756,0.755,0.629,0.751,0.753,0.916,0.916,0.914,0.665,0.881,0.735,0.702,0.882,0.983,0.983,0.983,0.986
UTSA,WalkJogRun1,0.714,0.801,0.801,0.866,0.867,0.799,0.799,0.866,0.799,0.864,0.864,0.864,0.864,0.864,0.864,0.864,0.864,0.864,0.864,0.864
UTSA,WalkJogRun2,0.588,0.749,0.954,0.714,0.943,0.94,0.871,0.763,0.83,0.83,0.83,0.83,0.83,0.83,0.83,0.83,0.83,0.83,0.83,0.83
TSSB,Adiac,0.706,0.706,0.706,0.706,0.706,0.706,0.706,0.706,0.706,0.706,0.706,0.706,0.706,0.706,0.706,0.706,0.706,0.706,0.706,0.706
TSSB,ArrowHead,0.985,0.985,0.985,0.985,0.985,0.985,0.985,0.985,0.985,0.985,0.985,0.985,0.985,0.985,0.985,0.985,0.985,0.985,0.985,0.985
TSSB,Beef,0.93,0.939,0.939,0.939,0.939,0.939,0.939,0.939,0.939,0.939,0.939,0.939,0.939,0.939,0.939,0.939,0.939,0.939,0.939,0.939
TSSB,BeetleFly,0.5,0.682,0.682,0.682,0.682,0.682,0.682,0.682,0.682,0.682,0.682,0.682,0.682,0.682,0.682,0.682,0.682,0.682,0.682,0.682
TSSB,BirdChicken,0.5,0.975,0.977,0.977,0.977,0.977,0.977,0.977,0.977,0.977,0.977,0.977,0.977,0.977,0.977,0.977,0.977,0.977,0.977,0.977
TSSB,Car,0.764,0.889,0.889,0.889,0.889,0.889,0.889,0.889,0.889,0.889,0.889,0.889,0.889,0.889,0.889,0.889,0.889,0.889,0.889,0.889
TSSB,CBF,0.969,0.969,0.969,0.969,0.969,0.969,0.969,0.969,0.969,0.969,0.969,0.969,0.969,0.969,0.969,0.969,0.969,0.969,0.969,0.969
TSSB,ChlorineConcentration,0.534,0.577,0.577,0.577,0.577,0.577,0.577,0.577,0.577,0.577,0.577,0.577,0.577,0.577,0.577,0.577,0.577,0.577,0.577,0.577
TSSB,CinCECGTorso,0.337,0.788,0.622,0.626,0.337,0.626,0.337,0.337,0.337,0.337,0.337,0.337,0.337,0.337,0.337,0.337,0.337,0.337,0.337,0.337
TSSB,Coffee,0.996,0.996,0.996,0.996,0.996,0.996,0.996,0.996,0.996,0.996,0.996,0.996,0.996,0.996,0.996,0.996,0.996,0.996,0.996,0.996
TSSB,Computers,0.606,0.5,0.5,0.5,0.5,0.5,0.5,0.5,0.5,0.5,0.5,0.5,0.5,0.5,0.5,0.5,0.5,0.5,0.5,0.5
TSSB,CricketX,0.969,0.969,0.954,0.954,0.954,0.954,0.954,0.954,0.954,0.954,0.954,0.954,0.954,0.954,0.954,0.954,0.954,0.954,0.954,0.954
TSSB,CricketY,0.973,0.971,0.982,0.982,0.982,0.982,0.982,0.982,0.982,0.982,0.982,0.982,0.982,0.982,0.982,0.982,0.982,0.982,0.982,0.982
TSSB,CricketZ,0.909,0.887,0.905,0.905,0.905,0.905,0.905,0.905,0.905,0.905,0.905,0.905,0.905,0.905,0.905,0.905,0.905,0.905,0.905,0.905
TSSB,DiatomSizeReduction,0.949,0.949,0.949,0.949,0.949,0.949,0.949,0.949,0.949,0.949,0.949,0.949,0.949,0.949,0.949,0.949,0.949,0.949,0.949,0.949
TSSB,DistalPhalanxOutlineAgeGroup,0.983,0.983,0.983,0.983,0.983,0.983,0.983,0.983,0.983,0.983,0.983,0.983,0.983,0.983,0.983,0.983,0.983,0.983,0.983,0.983
TSSB,DistalPhalanxTW,0.769,0.769,0.769,0.769,0.769,0.769,0.769,0.769,0.769,0.769,0.769,0.769,0.769,0.769,0.769,0.769,0.769,0.769,0.769,0.769
TSSB,ECG200,0.993,0.988,0.988,0.988,0.988,0.988,0.988,0.988,0.988,0.988,0.988,0.988,0.988,0.988,0.988,0.988,0.988,0.988,0.988,0.988
TSSB,ECGFiveDays,0.524,0.524,0.524,0.524,0.524,0.524,0.524,0.524,0.524,0.524,0.524,0.524,0.524,0.524,0.524,0.524,0.524,0.524,0.524,0.524
TSSB,FaceAll,0.88,0.886,0.886,0.826,0.826,0.826,0.864,0.864,0.864,0.864,0.864,0.864,0.864,0.864,0.864,0.864,0.864,0.864,0.864,0.864
TSSB,FaceFour,0.458,0.95,0.814,0.814,0.814,0.751,0.748,0.748,0.741,0.741,0.741,0.741,0.741,0.741,0.741,0.741,0.741,0.741,0.741,0.741
TSSB,FacesUCR,0.923,0.93,0.932,0.932,0.943,0.93,0.93,0.93,0.93,0.93,0.93,0.93,0.93,0.93,0.93,0.93,0.93,0.93,0.93,0.93
TSSB,FiftyWords,0.922,0.925,0.956,0.96,0.96,0.96,0.96,0.96,0.96,0.96,0.96,0.96,0.96,0.96,0.96,0.96,0.96,0.96,0.96,0.96
TSSB,Fish,0.985,0.982,0.982,0.982,0.982,0.983,0.983,0.983,0.983,0.983,0.983,0.983,0.983,0.983,0.983,0.983,0.983,0.983,0.983,0.983
TSSB,GunPoint,0.963,0.864,0.864,0.864,0.864,0.864,0.864,0.864,0.864,0.864,0.864,0.864,0.864,0.864,0.864,0.864,0.864,0.864,0.864,0.864
TSSB,Haptics,0.584,0.587,0.591,0.6,0.6,0.6,0.6,0.6,0.6,0.6,0.6,0.6,0.6,0.6,0.6,0.6,0.6,0.6,0.6,0.6
TSSB,InlineSkate,0.557,0.609,0.589,0.358,0.358,0.358,0.358,0.358,0.358,0.358,0.358,0.358,0.358,0.358,0.358,0.358,0.358,0.358,0.358,0.358
TSSB,InsectWingbeatSound,0.915,0.915,0.915,0.915,0.915,0.915,0.915,0.915,0.915,0.915,0.915,0.915,0.915,0.915,0.915,0.915,0.915,0.915,0.915,0.915
TSSB,ItalyPowerDemand,0.996,0.996,0.996,0.996,0.996,0.996,0.996,0.996,0.996,0.996,0.996,0.996,0.996,0.996,0.996,0.996,0.996,0.996,0.996,0.996
TSSB,LargeKitchenAppliances,0.333,0.333,0.333,0.333,0.333,0.333,0.333,0.333,0.333,0.333,0.333,0.333,0.333,0.333,0.333,0.333,0.333,0.333,0.333,0.333
TSSB,Lightning2,0.556,0.556,0.556,0.556,0.556,0.556,0.556,0.556,0.556,0.556,0.556,0.556,0.556,0.556,0.556,0.556,0.556,0.556,0.556,0.556
TSSB,Lightning7,0.215,0.615,0.614,0.614,0.784,0.798,0.798,0.798,0.798,0.798,0.798,0.798,0.798,0.798,0.798,0.798,0.798,0.798,0.798,0.798
TSSB,Mallat,0.87,0.921,0.921,0.921,0.921,0.921,0.921,0.921,0.921,0.921,0.921,0.921,0.921,0.921,0.921,0.921,0.921,0.921,0.921,0.921
TSSB,Meat,0.618,0.618,0.618,0.618,0.618,0.618,0.618,0.618,0.618,0.618,0.618,0.618,0.618,0.618,0.618,0.618,0.618,0.618,0.618,0.618
TSSB,MedicalImages,0.978,0.58,0.58,0.58,0.58,0.58,0.58,0.58,0.58,0.58,0.58,0.58,0.58,0.58,0.58,0.58,0.58,0.58,0.58,0.58
TSSB,MoteStrain,0.939,0.897,0.897,0.897,0.897,0.897,0.897,0.897,0.897,0.897,0.897,0.897,0.897,0.897,0.897,0.897,0.897,0.897,0.897,0.897
TSSB,NonInvasiveFetalECGThorax1,0.834,0.79,0.791,0.791,0.791,0.791,0.791,0.791,0.791,0.791,0.791,0.791,0.791,0.791,0.791,0.791,0.791,0.791,0.791,0.791
TSSB,NonInvasiveFetalECGThorax2,0.702,0.827,0.99,0.991,0.991,0.991,0.991,0.991,0.991,0.991,0.991,0.841,0.841,0.841,0.841,0.841,0.841,0.841,0.841,0.841
TSSB,OliveOil,0.382,0.873,0.873,0.934,0.874,0.934,0.874,0.934,0.934,0.934,0.934,0.934,0.934,0.934,0.934,0.934,0.934,0.934,0.934,0.934
TSSB,OSULeaf,0.744,0.747,0.747,0.747,0.747,0.747,0.747,0.747,0.747,0.747,0.747,0.747,0.747,0.747,0.747,0.747,0.747,0.747,0.747,0.747
TSSB,Plane,0.912,0.891,0.891,0.927,0.927,0.927,0.927,0.927,0.927,0.927,0.927,0.927,0.927,0.927,0.927,0.927,0.927,0.927,0.927,0.927
TSSB,ProximalPhalanxOutlineAgeGroup,0.918,0.883,0.883,0.883,0.883,0.883,0.883,0.883,0.883,0.883,0.883,0.883,0.883,0.883,0.883,0.883,0.883,0.883,0.883,0.883
TSSB,ProximalPhalanxTW,0.973,0.968,0.972,0.971,0.971,0.971,0.971,0.971,0.971,0.971,0.971,0.971,0.971,0.971,0.971,0.971,0.971,0.971,0.971,0.971
TSSB,ShapesAll,0.933,0.929,0.968,0.968,0.968,0.962,0.962,0.962,0.962,0.962,0.962,0.962,0.962,0.962,0.962,0.962,0.962,0.962,0.962,0.962
TSSB,SonyAIBORobotSurface1,0.58,0.58,0.58,0.58,0.58,0.58,0.58,0.58,0.58,0.58,0.58,0.58,0.58,0.58,0.58,0.58,0.58,0.58,0.58,0.58
TSSB,SonyAIBORobotSurface2,0.967,0.972,0.972,0.972,0.972,0.972,0.972,0.972,0.972,0.972,0.972,0.972,0.972,0.972,0.972,0.972,0.972,0.972,0.972,0.972
TSSB,SwedishLeaf,0.733,0.887,0.887,0.887,0.887,0.887,0.887,0.887,0.887,0.887,0.887,0.887,0.887,0.887,0.887,0.887,0.887,0.887,0.887,0.887
TSSB,Symbols,0.518,0.518,0.518,0.518,0.518,0.518,0.518,0.518,0.518,0.518,0.518,0.518,0.518,0.518,0.518,0.518,0.518,0.518,0.518,0.518
TSSB,SyntheticControl,0.978,0.979,0.978,0.978,0.978,0.978,0.978,0.978,0.978,0.978,0.978,0.978,0.978,0.978,0.978,0.978,0.978,0.978,0.978,0.978
TSSB,ToeSegmentation1,0.747,0.761,0.761,0.761,0.761,0.761,0.761,0.761,0.761,0.761,0.761,0.761,0.761,0.761,0.761,0.761,0.761,0.761,0.761,0.761
TSSB,ToeSegmentation2,0.891,0.875,0.891,0.891,0.891,0.891,0.891,0.891,0.891,0.891,0.891,0.891,0.891,0.891,0.891,0.891,0.891,0.891,0.891,0.891
TSSB,Trace,0.962,1.0,0.966,0.652,0.652,0.652,0.652,0.652,0.652,0.652,0.652,0.652,0.652,0.652,0.652,0.652,0.652,0.652,0.652,0.652
TSSB,TwoLeadECG,0.501,0.501,0.501,0.501,0.501,0.501,0.501,0.501,0.501,0.501,0.501,0.501,0.501,0.501,0.501,0.501,0.501,0.501,0.501,0.501
TSSB,UWaveGestureLibraryAll,0.994,0.994,0.994,0.994,0.994,0.994,0.994,0.994,0.994,0.994,0.994,0.994,0.994,0.994,0.994,0.994,0.994,0.994,0.994,0.994
TSSB,UWaveGestureLibraryX,0.803,0.985,0.985,0.985,0.985,0.985,0.985,0.985,0.985,0.985,0.985,0.985,0.985,0.985,0.985,0.985,0.985,0.985,0.985,0.985
TSSB,UWaveGestureLibraryY,0.774,0.774,0.774,0.774,0.774,0.774,0.774,0.774,0.774,0.774,0.774,0.774,0.774,0.774,0.774,0.774,0.774,0.774,0.774,0.774
TSSB,UWaveGestureLibraryZ,0.781,0.805,0.779,0.779,0.779,0.779,0.779,0.779,0.779,0.779,0.779,0.779,0.779,0.779,0.779,0.779,0.779,0.779,0.779,0.779
TSSB,WordSynonyms,0.727,0.727,0.727,0.727,0.727,0.727,0.727,0.727,0.727,0.727,0.727,0.727,0.727,0.727,0.727,0.727,0.727,0.727,0.727,0.727
TSSB,Yoga,0.406,0.504,0.504,0.504,0.504,0.504,0.504,0.504,0.504,0.504,0.504,0.504,0.504,0.504,0.504,0.504,0.504,0.504,0.504,0.504
TSSB,Crop,0.662,0.824,0.902,0.981,0.962,0.962,0.958,0.958,0.961,0.958,0.958,0.958,0.958,0.958,0.962,0.962,0.958,0.958,0.958,0.962
TSSB,EOGHorizontalSignal,0.73,0.616,0.616,0.616,0.608,0.608,0.608,0.608,0.608,0.608,0.608,0.608,0.608,0.608,0.608,0.608,0.608,0.608,0.608,0.608
TSSB,EOGVerticalSignal,0.669,0.674,0.728,0.728,0.728,0.728,0.673,0.728,0.728,0.728,0.728,0.728,0.728,0.728,0.728,0.728,0.728,0.728,0.728,0.728
TSSB,FreezerRegularTrain,0.523,0.883,0.94,0.888,0.885,0.885,0.885,0.885,0.885,0.882,0.882,0.882,0.882,0.882,0.882,0.882,0.882,0.882,0.882,0.882
TSSB,Ham,0.567,0.816,0.641,0.43,0.43,0.641,0.641,0.641,0.641,0.641,0.641,0.641,0.641,0.641,0.641,0.641,0.641,0.641,0.641,0.641
TSSB,MelbournePedestrian,0.943,0.943,0.943,0.943,0.943,0.943,0.943,0.943,0.943,0.943,0.943,0.943,0.943,0.943,0.943,0.943,0.943,0.943,0.943,0.943
TSSB,MiddlePhalanxOutlineAgeGroup,0.884,0.78,0.803,0.803,0.802,0.806,0.806,0.802,0.802,0.802,0.802,0.802,0.802,0.802,0.802,0.802,0.802,0.802,0.802,0.802
TSSB,MiddlePhalanxOutlineCorrect,0.74,0.826,0.827,0.827,0.827,0.827,0.827,0.827,0.827,0.827,0.827,0.827,0.827,0.827,0.827,0.827,0.827,0.827,0.827,0.827
TSSB,ProximalPhalanxOutlineCorrect,0.744,0.744,0.559,0.559,0.559,0.559,0.559,0.559,0.559,0.559,0.559,0.559,0.559,0.559,0.559,0.559,0.559,0.559,0.559,0.559
TSSB,Strawberry,0.473,0.507,0.344,0.332,0.332,0.332,0.332,0.332,0.332,0.332,0.332,0.332,0.332,0.332,0.332,0.332,0.332,0.332,0.332,0.332
TSSB,Chinatown,1.0,1.0,1.0,1.0,1.0,1.0,1.0,1.0,1.0,1.0,1.0,1.0,1.0,1.0,1.0,1.0,1.0,1.0,1.0,1.0
TSSB,DodgerLoopDay,1.0,1.0,1.0,1.0,1.0,1.0,1.0,1.0,1.0,1.0,1.0,1.0,1.0,1.0,1.0,1.0,1.0,1.0,1.0,1.0
TSSB,Herring,1.0,1.0,1.0,1.0,1.0,1.0,1.0,1.0,1.0,1.0,1.0,1.0,1.0,1.0,1.0,1.0,1.0,1.0,1.0,1.0
TSSB,MiddlePhalanxTW,1.0,1.0,1.0,1.0,1.0,1.0,1.0,1.0,1.0,1.0,1.0,1.0,1.0,1.0,1.0,1.0,1.0,1.0,1.0,1.0
TSSB,ShapeletSim,1.0,1.0,1.0,1.0,1.0,1.0,1.0,1.0,1.0,1.0,1.0,1.0,1.0,1.0,1.0,1.0,1.0,1.0,1.0,1.0
TSSB,UMD,1.0,1.0,1.0,1.0,1.0,1.0,1.0,1.0,1.0,1.0,1.0,1.0,1.0,1.0,1.0,1.0,1.0,1.0,1.0,1.0
PAMAP,PAMAP_Indoor_Subject1_IMU_Shoe_X-Acc,0.627,0.671,0.672,0.664,0.666,0.666,0.482,0.485,0.484,0.484,0.484,0.484,0.484,0.484,0.484,0.484,0.485,0.333,0.333,0.333
PAMAP,PAMAP_Indoor_Subject1_IMU_Shoe_Y-Acc,0.539,0.595,0.669,0.665,0.667,0.587,0.667,0.487,0.488,0.488,0.461,0.359,0.356,0.355,0.356,0.356,0.356,0.51,0.51,0.51
PAMAP,PAMAP_Indoor_Subject1_IMU_Shoe_Z-Acc,0.473,0.483,0.486,0.48,0.484,0.483,0.486,0.486,0.486,0.487,0.484,0.483,0.484,0.484,0.484,0.484,0.484,0.353,0.353,0.353
PAMAP,PAMAP_Indoor_Subject1_IMU_Shoe_X-Gyro,0.535,0.55,0.551,0.674,0.586,0.563,0.563,0.565,0.565,0.565,0.565,0.565,0.564,0.564,0.564,0.565,0.484,0.501,0.501,0.501
PAMAP,PAMAP_Indoor_Subject1_IMU_Shoe_Y-Gyro,0.67,0.66,0.672,0.673,0.672,0.486,0.486,0.483,0.484,0.475,0.484,0.485,0.485,0.485,0.483,0.485,0.485,0.529,0.529,0.529
PAMAP,PAMAP_Indoor_Subject1_IMU_Shoe_Z-Gyro,0.524,0.533,0.528,0.654,0.652,0.668,0.574,0.586,0.562,0.573,0.549,0.468,0.468,0.468,0.468,0.468,0.48,0.525,0.525,0.525
PAMAP,PAMAP_Indoor_Subject1_IMU_Shoe_X-Mag,0.136,0.59,0.635,0.577,0.71,0.597,0.626,0.678,0.549,0.576,0.585,0.583,0.386,0.395,0.395,0.392,0.393,0.396,0.396,0.398
PAMAP,PAMAP_Indoor_Subject1_IMU_Shoe_Y-Mag,0.136,0.592,0.516,0.532,0.502,0.458,0.457,0.451,0.456,0.376,0.309,0.312,0.312,0.38,0.355,0.443,0.462,0.4,0.215,0.215
PAMAP,PAMAP_Indoor_Subject1_IMU_Shoe_Z-Mag,0.603,0.555,0.646,0.513,0.579,0.708,0.71,0.495,0.521,0.518,0.513,0.656,0.653,0.669,0.682,0.671,0.669,0.662,0.679,0.662
PAMAP,PAMAP_Indoor_Subject2_IMU_Shoe_X-Acc,0.522,0.493,0.597,0.361,0.364,0.365,0.499,0.498,0.498,0.498,0.495,0.495,0.495,0.495,0.494,0.494,0.494,0.624,0.624,0.624
PAMAP,PAMAP_Indoor_Subject2_IMU_Shoe_Y-Acc,0.517,0.597,0.598,0.598,0.497,0.495,0.495,0.496,0.496,0.496,0.496,0.496,0.496,0.496,0.496,0.496,0.496,0.496,0.504,0.504
PAMAP,PAMAP_Indoor_Subject2_IMU_Shoe_Z-Acc,0.531,0.494,0.495,0.495,0.495,0.495,0.495,0.495,0.495,0.495,0.494,0.495,0.495,0.495,0.495,0.495,0.494,0.479,0.478,0.479
PAMAP,PAMAP_Indoor_Subject2_IMU_Shoe_X-Gyro,0.529,0.598,0.584,0.494,0.493,0.496,0.496,0.496,0.496,0.496,0.496,0.496,0.496,0.496,0.496,0.496,0.496,0.496,0.496,0.496
PAMAP,PAMAP_Indoor_Subject2_IMU_Shoe_Y-Gyro,0.531,0.588,0.492,0.493,0.494,0.495,0.494,0.494,0.494,0.494,0.494,0.494,0.494,0.494,0.494,0.494,0.494,0.494,0.494,0.494
PAMAP,PAMAP_Indoor_Subject2_IMU_Shoe_Z-Gyro,0.501,0.607,0.496,0.493,0.496,0.493,0.494,0.496,0.484,0.485,0.485,0.485,0.484,0.484,0.495,0.495,0.484,0.495,0.495,0.495
PAMAP,PAMAP_Indoor_Subject2_IMU_Shoe_X-Mag,0.132,0.649,0.662,0.688,0.55,0.51,0.502,0.52,0.454,0.454,0.454,0.468,0.455,0.462,0.458,0.467,0.464,0.598,0.593,0.607
PAMAP,PAMAP_Indoor_Subject2_IMU_Shoe_Y-Mag,0.132,0.6,0.622,0.612,0.588,0.591,0.637,0.652,0.642,0.555,0.516,0.533,0.526,0.559,0.481,0.482,0.469,0.469,0.57,0.57
PAMAP,PAMAP_Indoor_Subject2_IMU_Shoe_Z-Mag,0.132,0.68,0.661,0.571,0.471,0.487,0.559,0.545,0.558,0.578,0.556,0.506,0.506,0.507,0.507,0.507,0.52,0.555,0.569,0.543
PAMAP,PAMAP_Indoor_Subject3_IMU_Shoe_X-Acc,0.503,0.641,0.627,0.501,0.499,0.358,0.498,0.498,0.498,0.357,0.357,0.357,0.357,0.357,0.357,0.358,0.358,0.358,0.358,0.358
PAMAP,PAMAP_Indoor_Subject3_IMU_Shoe_Y-Acc,0.489,0.679,0.513,0.358,0.358,0.358,0.358,0.357,0.356,0.356,0.356,0.356,0.356,0.356,0.356,0.356,0.357,0.357,0.357,0.357
PAMAP,PAMAP_Indoor_Subject3_IMU_Shoe_Z-Acc,0.53,0.566,0.643,0.486,0.346,0.346,0.484,0.343,0.345,0.346,0.346,0.346,0.346,0.346,0.346,0.341,0.357,0.357,0.357,0.357
PAMAP,PAMAP_Indoor_Subject3_IMU_Shoe_X-Gyro,0.66,0.682,0.634,0.66,0.778,0.783,0.727,0.711,0.711,0.712,0.712,0.713,0.7,0.7,0.7,0.7,0.7,0.701,0.775,0.798
PAMAP,PAMAP_Indoor_Subject3_IMU_Shoe_Y-Gyro,0.661,0.548,0.548,0.507,0.666,0.662,0.633,0.648,0.649,0.649,0.635,0.664,0.663,0.647,0.649,0.661,0.654,0.655,0.654,0.661
PAMAP,PAMAP_Indoor_Subject3_IMU_Shoe_Z-Gyro,0.506,0.671,0.622,0.622,0.606,0.497,0.488,0.486,0.357,0.357,0.356,0.356,0.356,0.356,0.497,0.497,0.497,0.497,0.497,0.497
PAMAP,PAMAP_Indoor_Subject3_IMU_Shoe_X-Mag,0.455,0.501,0.559,0.552,0.334,0.355,0.365,0.386,0.38,0.229,0.335,0.308,0.258,0.303,0.301,0.415,0.398,0.17,0.17,0.191
PAMAP,PAMAP_Indoor_Subject3_IMU_Shoe_Y-Mag,0.541,0.576,0.583,0.466,0.494,0.312,0.407,0.448,0.396,0.488,0.445,0.483,0.449,0.318,0.201,0.201,0.202,0.18,0.177,0.177
PAMAP,PAMAP_Indoor_Subject3_IMU_Shoe_Z-Mag,0.486,0.713,0.591,0.588,0.693,0.696,0.699,0.688,0.577,0.57,0.57,0.674,0.61,0.625,0.625,0.625,0.624,0.625,0.624,0.563
PAMAP,PAMAP_Indoor_Subject4_IMU_Shoe_X-Acc,0.515,0.586,0.357,0.349,0.343,0.39,0.395,0.395,0.316,0.305,0.294,0.288,0.291,0.294,0.298,0.285,0.285,0.285,0.433,0.303
PAMAP,PAMAP_Indoor_Subject4_IMU_Shoe_Y-Acc,0.537,0.473,0.3,0.229,0.357,0.416,0.414,0.28,0.32,0.31,0.301,0.359,0.383,0.37,0.385,0.151,0.151,0.286,0.303,0.303
PAMAP,PAMAP_Indoor_Subject4_IMU_Shoe_Z-Acc,0.501,0.536,0.391,0.421,0.415,0.354,0.354,0.352,0.508,0.351,0.35,0.354,0.358,0.363,0.367,0.237,0.151,0.151,0.303,0.303
PAMAP,PAMAP_Indoor_Subject4_IMU_Shoe_X-Gyro,0.373,0.407,0.364,0.392,0.412,0.55,0.525,0.416,0.452,0.436,0.419,0.372,0.397,0.294,0.298,0.151,0.151,0.151,0.431,0.303
PAMAP,PAMAP_Indoor_Subject4_IMU_Shoe_Y-Gyro,0.334,0.367,0.36,0.383,0.45,0.522,0.495,0.443,0.41,0.305,0.294,0.398,0.405,0.414,0.298,0.344,0.285,0.285,0.303,0.303
PAMAP,PAMAP_Indoor_Subject4_IMU_Shoe_Z-Gyro,0.378,0.387,0.471,0.506,0.487,0.502,0.461,0.454,0.38,0.271,0.325,0.278,0.281,0.489,0.491,0.291,0.289,0.282,0.431,0.426
PAMAP,PAMAP_Indoor_Subject4_IMU_Shoe_X-Mag,0.405,0.322,0.415,0.431,0.548,0.554,0.394,0.436,0.367,0.373,0.378,0.385,0.281,0.406,0.412,0.292,0.151,0.282,0.422,0.421
PAMAP,PAMAP_Indoor_Subject4_IMU_Shoe_Y-Mag,0.369,0.435,0.568,0.579,0.404,0.315,0.278,0.278,0.34,0.271,0.274,0.278,0.281,0.285,0.423,0.338,0.338,0.338,0.477,0.477
PAMAP,PAMAP_Indoor_Subject4_IMU_Shoe_Z-Mag,0.332,0.449,0.39,0.496,0.486,0.314,0.412,0.406,0.434,0.482,0.417,0.296,0.3,0.349,0.357,0.195,0.151,0.151,0.303,0.303
PAMAP,PAMAP_Indoor_Subject5_IMU_Shoe_X-Acc,0.689,0.734,0.718,0.357,0.364,0.357,0.357,0.364,0.364,0.364,0.364,0.364,0.364,0.357,0.356,0.363,0.363,0.363,0.363,0.366
PAMAP,PAMAP_Indoor_Subject5_IMU_Shoe_Y-Acc,0.76,0.716,0.605,0.615,0.614,0.517,0.516,0.519,0.366,0.518,0.368,0.367,0.367,0.367,0.517,0.516,0.518,0.518,0.518,0.518
PAMAP,PAMAP_Indoor_Subject5_IMU_Shoe_Z-Acc,0.61,0.612,0.473,0.364,0.364,0.364,0.365,0.364,0.365,0.365,0.366,0.366,0.365,0.365,0.365,0.367,0.367,0.367,0.367,0.485
PAMAP,PAMAP_Indoor_Subject5_IMU_Shoe_X-Gyro,0.672,0.744,0.757,0.74,0.601,0.612,0.613,0.614,0.578,0.577,0.592,0.595,0.592,0.58,0.592,0.446,0.446,0.446,0.447,0.447
PAMAP,PAMAP_Indoor_Subject5_IMU_Shoe_Y-Gyro,0.62,0.732,0.613,0.636,0.504,0.508,0.509,0.365,0.364,0.509,0.509,0.453,0.461,0.455,0.363,0.431,0.431,0.431,0.431,0.431
PAMAP,PAMAP_Indoor_Subject5_IMU_Shoe_Z-Gyro,0.703,0.745,0.742,0.498,0.498,0.366,0.366,0.366,0.366,0.366,0.366,0.366,0.367,0.367,0.367,0.514,0.514,0.514,0.514,0.514
PAMAP,PAMAP_Indoor_Subject5_IMU_Shoe_X-Mag,0.135,0.434,0.446,0.549,0.437,0.462,0.443,0.443,0.448,0.463,0.546,0.508,0.496,0.412,0.412,0.326,0.326,0.326,0.326,0.376
PAMAP,PAMAP_Indoor_Subject5_IMU_Shoe_Y-Mag,0.135,0.641,0.6,0.603,0.569,0.648,0.677,0.603,0.521,0.464,0.372,0.372,0.266,0.356,0.381,0.284,0.284,0.292,0.266,0.266
PAMAP,PAMAP_Indoor_Subject5_IMU_Shoe_Z-Mag,0.561,0.61,0.674,0.667,0.748,0.595,0.596,0.633,0.81,0.788,0.589,0.505,0.513,0.513,0.549,0.55,0.554,0.554,0.554,0.554
PAMAP,PAMAP_Indoor_Subject6_IMU_Shoe_X-Acc,0.134,0.71,0.72,0.721,0.772,0.619,0.617,0.617,0.622,0.489,0.489,0.624,0.487,0.487,0.487,0.486,0.486,0.486,0.333,0.486
PAMAP,PAMAP_Indoor_Subject6_IMU_Shoe_Y-Acc,0.134,0.517,0.664,0.794,0.659,0.663,0.5,0.508,0.502,0.493,0.501,0.636,0.637,0.5,0.5,0.5,0.337,0.336,0.336,0.336
PAMAP,PAMAP_Indoor_Subject6_IMU_Shoe_Z-Acc,0.134,0.581,0.474,0.34,0.482,0.486,0.485,0.485,0.484,0.484,0.484,0.484,0.484,0.484,0.484,0.484,0.484,0.481,0.481,0.481
PAMAP,PAMAP_Indoor_Subject6_IMU_Shoe_X-Gyro,0.545,0.714,0.79,0.926,0.656,0.5,0.5,0.501,0.501,0.499,0.503,0.503,0.503,0.503,0.5,0.5,0.499,0.499,0.499,0.498
PAMAP,PAMAP_Indoor_Subject6_IMU_Shoe_Y-Gyro,0.134,0.633,0.763,0.717,0.865,0.926,0.932,0.739,0.743,0.476,0.475,0.475,0.475,0.475,0.475,0.475,0.475,0.474,0.474,0.475
PAMAP,PAMAP_Indoor_Subject6_IMU_Shoe_Z-Gyro,0.134,0.828,0.824,0.708,0.794,0.796,0.632,0.635,0.619,0.332,0.62,0.486,0.486,0.486,0.485,0.484,0.484,0.331,0.331,0.331
PAMAP,PAMAP_Indoor_Subject6_IMU_Shoe_X-Mag,0.134,0.521,0.549,0.473,0.486,0.492,0.521,0.521,0.531,0.466,0.563,0.557,0.523,0.517,0.403,0.29,0.39,0.551,0.39,0.39
PAMAP,PAMAP_Indoor_Subject6_IMU_Shoe_Y-Mag,0.364,0.439,0.611,0.484,0.521,0.507,0.504,0.515,0.484,0.558,0.54,0.559,0.574,0.544,0.521,0.524,0.52,0.54,0.529,0.521
PAMAP,PAMAP_Indoor_Subject6_IMU_Shoe_Z-Mag,0.374,0.443,0.53,0.571,0.545,0.528,0.544,0.541,0.588,0.59,0.567,0.571,0.579,0.567,0.589,0.589,0.619,0.727,0.73,0.728
PAMAP,PAMAP_Indoor_Subject7_IMU_Shoe_X-Acc,0.601,0.649,0.697,0.696,0.48,0.481,0.481,0.331,0.482,0.482,0.331,0.331,0.482,0.331,0.479,0.479,0.479,0.331,0.331,0.463
PAMAP,PAMAP_Indoor_Subject7_IMU_Shoe_Y-Acc,0.654,0.763,0.794,0.611,0.595,0.483,0.483,0.332,0.332,0.332,0.332,0.331,0.331,0.331,0.479,0.479,0.479,0.479,0.479,0.476
PAMAP,PAMAP_Indoor_Subject7_IMU_Shoe_Z-Acc,0.633,0.633,0.556,0.587,0.478,0.33,0.33,0.331,0.331,0.331,0.331,0.331,0.331,0.331,0.331,0.331,0.331,0.331,0.331,0.33
PAMAP,PAMAP_Indoor_Subject7_IMU_Shoe_X-Gyro,0.573,0.626,0.622,0.626,0.471,0.477,0.468,0.466,0.475,0.472,0.469,0.473,0.471,0.471,0.491,0.504,0.481,0.473,0.479,0.484
PAMAP,PAMAP_Indoor_Subject7_IMU_Shoe_Y-Gyro,0.573,0.656,0.698,0.714,0.585,0.331,0.328,0.328,0.328,0.477,0.477,0.477,0.477,0.477,0.468,0.467,0.467,0.468,0.467,0.52
PAMAP,PAMAP_Indoor_Subject7_IMU_Shoe_Z-Gyro,0.609,0.544,0.545,0.721,0.601,0.479,0.479,0.479,0.48,0.48,0.48,0.48,0.329,0.329,0.329,0.329,0.329,0.329,0.328,0.329
PAMAP,PAMAP_Indoor_Subject7_IMU_Shoe_X-Mag,0.139,0.596,0.497,0.465,0.484,0.501,0.542,0.541,0.539,0.577,0.406,0.401,0.403,0.294,0.294,0.173,0.361,0.36,0.266,0.366
PAMAP,PAMAP_Indoor_Subject7_IMU_Shoe_Y-Mag,0.139,0.433,0.502,0.449,0.461,0.426,0.426,0.286,0.285,0.343,0.295,0.335,0.294,0.3,0.293,0.291,0.299,0.299,0.377,0.358
PAMAP,PAMAP_Indoor_Subject7_IMU_Shoe_Z-Mag,0.139,0.544,0.712,0.714,0.594,0.425,0.564,0.563,0.592,0.592,0.583,0.513,0.393,0.392,0.391,0.391,0.391,0.391,0.388,0.387
PAMAP,PAMAP_Indoor_Subject8_IMU_Shoe_X-Acc,0.135,0.826,0.74,0.811,0.764,0.761,0.761,0.764,0.765,0.765,0.763,0.762,0.763,0.762,0.764,0.765,0.765,0.765,0.765,0.762
PAMAP,PAMAP_Indoor_Subject8_IMU_Shoe_Y-Acc,0.135,0.709,0.71,0.696,0.696,0.632,0.755,0.779,0.784,0.784,0.785,0.785,0.785,0.784,0.778,0.778,0.776,0.778,0.781,0.779
PAMAP,PAMAP_Indoor_Subject8_IMU_Shoe_Z-Acc,0.135,0.823,0.587,0.581,0.735,0.648,0.649,0.649,0.631,0.631,0.631,0.631,0.631,0.631,0.626,0.627,0.627,0.628,0.628,0.628
PAMAP,PAMAP_Indoor_Subject8_IMU_Shoe_X-Gyro,0.135,0.69,0.685,0.684,0.558,0.485,0.485,0.485,0.496,0.345,0.345,0.638,0.642,0.643,0.496,0.496,0.496,0.496,0.496,0.496
PAMAP,PAMAP_Indoor_Subject8_IMU_Shoe_Y-Gyro,0.674,0.805,0.91,0.776,0.646,0.647,0.646,0.645,0.646,0.646,0.646,0.646,0.5,0.499,0.636,0.498,0.64,0.636,0.636,0.628
PAMAP,PAMAP_Indoor_Subject8_IMU_Shoe_Z-Gyro,0.135,0.691,0.628,0.656,0.719,0.474,0.477,0.476,0.623,0.621,0.476,0.621,0.476,0.479,0.461,0.461,0.461,0.476,0.476,0.464
PAMAP,PAMAP_Indoor_Subject8_IMU_Shoe_X-Mag,0.443,0.454,0.507,0.564,0.554,0.567,0.553,0.579,0.622,0.622,0.663,0.607,0.658,0.611,0.544,0.611,0.625,0.625,0.488,0.618
PAMAP,PAMAP_Indoor_Subject8_IMU_Shoe_Y-Mag,0.135,0.303,0.381,0.437,0.5,0.49,0.504,0.509,0.424,0.476,0.475,0.424,0.442,0.442,0.456,0.486,0.291,0.495,0.291,0.291
PAMAP,PAMAP_Indoor_Subject8_IMU_Shoe_Z-Mag,0.135,0.497,0.572,0.563,0.609,0.611,0.652,0.682,0.691,0.673,0.72,0.679,0.641,0.641,0.728,0.748,0.79,0.776,0.762,0.515
PAMAP,PAMAP_Outdoor_Subject2_IMU_Shoe_X-Acc,0.148,0.148,0.148,0.178,0.187,0.196,0.148,0.148,0.254,0.256,0.257,0.259,0.262,0.264,0.267,0.148,0.148,0.278,0.403,0.405
PAMAP,PAMAP_Outdoor_Subject2_IMU_Shoe_Y-Acc,0.148,0.148,0.148,0.178,0.187,0.196,0.148,0.148,0.254,0.256,0.257,0.259,0.262,0.264,0.267,0.148,0.148,0.278,0.403,0.405
PAMAP,PAMAP_Outdoor_Subject2_IMU_Shoe_Z-Acc,0.148,0.148,0.148,0.178,0.187,0.196,0.148,0.148,0.254,0.256,0.257,0.259,0.262,0.264,0.267,0.148,0.148,0.278,0.403,0.405
PAMAP,PAMAP_Outdoor_Subject2_IMU_Shoe_X-Gyro,0.148,0.148,0.148,0.178,0.187,0.196,0.148,0.148,0.254,0.256,0.257,0.259,0.262,0.264,0.267,0.148,0.148,0.278,0.403,0.405
PAMAP,PAMAP_Outdoor_Subject2_IMU_Shoe_Y-Gyro,0.148,0.148,0.148,0.178,0.187,0.196,0.148,0.148,0.254,0.256,0.257,0.259,0.262,0.264,0.267,0.148,0.148,0.278,0.403,0.405
PAMAP,PAMAP_Outdoor_Subject2_IMU_Shoe_Z-Gyro,0.148,0.148,0.148,0.178,0.187,0.196,0.148,0.148,0.254,0.256,0.257,0.259,0.262,0.264,0.267,0.148,0.148,0.278,0.403,0.405
PAMAP,PAMAP_Outdoor_Subject2_IMU_Shoe_X-Mag,0.148,0.148,0.148,0.178,0.187,0.196,0.148,0.148,0.254,0.256,0.257,0.259,0.262,0.264,0.267,0.148,0.148,0.278,0.403,0.405
PAMAP,PAMAP_Outdoor_Subject2_IMU_Shoe_Y-Mag,0.148,0.148,0.148,0.178,0.187,0.196,0.148,0.148,0.254,0.256,0.257,0.259,0.262,0.264,0.267,0.148,0.148,0.278,0.403,0.405
PAMAP,PAMAP_Outdoor_Subject2_IMU_Shoe_Z-Mag,0.148,0.148,0.148,0.178,0.187,0.196,0.148,0.148,0.254,0.256,0.257,0.259,0.262,0.264,0.267,0.148,0.148,0.278,0.403,0.405
PAMAP,PAMAP_Outdoor_Subject3_IMU_Shoe_X-Acc,0.116,0.51,0.613,0.766,0.715,0.73,0.724,0.744,0.776,0.745,0.748,0.748,0.726,0.718,0.746,0.748,0.811,0.809,0.809,0.812
PAMAP,PAMAP_Outdoor_Subject3_IMU_Shoe_Y-Acc,0.116,0.372,0.566,0.743,0.744,0.76,0.754,0.738,0.751,0.736,0.759,0.714,0.773,0.774,0.772,0.772,0.77,0.77,0.77,0.772
PAMAP,PAMAP_Outdoor_Subject3_IMU_Shoe_Z-Acc,0.116,0.588,0.58,0.788,0.761,0.732,0.791,0.794,0.794,0.781,0.805,0.744,0.752,0.752,0.812,0.812,0.812,0.812,0.812,0.812
PAMAP,PAMAP_Outdoor_Subject3_IMU_Shoe_X-Gyro,0.116,0.301,0.437,0.542,0.601,0.652,0.651,0.651,0.691,0.692,0.692,0.693,0.693,0.694,0.694,0.694,0.694,0.692,0.692,0.693
PAMAP,PAMAP_Outdoor_Subject3_IMU_Shoe_Y-Gyro,0.116,0.32,0.39,0.503,0.584,0.642,0.673,0.67,0.687,0.697,0.701,0.689,0.66,0.65,0.734,0.734,0.734,0.735,0.733,0.734
PAMAP,PAMAP_Outdoor_Subject3_IMU_Shoe_Z-Gyro,0.116,0.351,0.539,0.678,0.742,0.756,0.78,0.784,0.788,0.789,0.725,0.728,0.728,0.728,0.728,0.728,0.728,0.728,0.771,0.791
PAMAP,PAMAP_Outdoor_Subject3_IMU_Shoe_X-Mag,0.116,0.228,0.324,0.395,0.387,0.397,0.397,0.394,0.391,0.398,0.402,0.402,0.399,0.399,0.413,0.413,0.416,0.416,0.406,0.406
PAMAP,PAMAP_Outdoor_Subject3_IMU_Shoe_Y-Mag,0.116,0.331,0.376,0.46,0.442,0.474,0.474,0.548,0.548,0.54,0.54,0.54,0.404,0.414,0.407,0.411,0.49,0.486,0.486,0.416
PAMAP,PAMAP_Outdoor_Subject3_IMU_Shoe_Z-Mag,0.116,0.225,0.364,0.402,0.414,0.436,0.436,0.43,0.43,0.423,0.409,0.423,0.425,0.429,0.426,0.425,0.425,0.428,0.428,0.428
PAMAP,PAMAP_Outdoor_Subject4_IMU_Shoe_X-Acc,0.205,0.356,0.405,0.47,0.501,0.53,0.53,0.53,0.75,0.767,0.787,0.804,0.783,0.765,0.644,0.644,0.644,0.644,0.644,0.644
PAMAP,PAMAP_Outdoor_Subject4_IMU_Shoe_Y-Acc,0.205,0.431,0.429,0.476,0.545,0.546,0.652,0.656,0.758,0.778,0.796,0.812,0.791,0.893,0.77,0.653,0.653,0.653,0.653,0.653
PAMAP,PAMAP_Outdoor_Subject4_IMU_Shoe_Z-Acc,0.205,0.366,0.495,0.491,0.685,0.627,0.651,0.673,0.671,0.716,0.794,0.806,0.803,0.784,0.664,0.664,0.663,0.663,0.663,0.67
PAMAP,PAMAP_Outdoor_Subject4_IMU_Shoe_X-Gyro,0.205,0.398,0.396,0.446,0.605,0.605,0.605,0.571,0.684,0.736,0.755,0.777,0.756,0.738,0.618,0.618,0.612,0.612,0.612,0.612
PAMAP,PAMAP_Outdoor_Subject4_IMU_Shoe_Y-Gyro,0.205,0.279,0.295,0.404,0.495,0.613,0.622,0.711,0.73,0.749,0.724,0.755,0.769,0.75,0.631,0.639,0.639,0.639,0.64,0.639
PAMAP,PAMAP_Outdoor_Subject4_IMU_Shoe_Z-Gyro,0.205,0.41,0.563,0.54,0.549,0.626,0.626,0.626,0.733,0.751,0.769,0.785,0.764,0.746,0.625,0.625,0.622,0.622,0.622,0.622
PAMAP,PAMAP_Outdoor_Subject4_IMU_Shoe_X-Mag,0.205,0.252,0.341,0.342,0.389,0.341,0.345,0.359,0.373,0.399,0.465,0.484,0.48,0.459,0.342,0.341,0.341,0.341,0.341,0.341
PAMAP,PAMAP_Outdoor_Subject4_IMU_Shoe_Y-Mag,0.205,0.467,0.487,0.486,0.428,0.434,0.438,0.437,0.543,0.567,0.585,0.606,0.586,0.567,0.445,0.445,0.445,0.445,0.445,0.445
PAMAP,PAMAP_Outdoor_Subject4_IMU_Shoe_Z-Mag,0.205,0.371,0.309,0.301,0.34,0.34,0.342,0.342,0.447,0.466,0.506,0.523,0.502,0.484,0.364,0.364,0.361,0.364,0.364,0.364
PAMAP,PAMAP_Outdoor_Subject5_IMU_Shoe_X-Acc,0.116,0.532,0.621,0.661,0.715,0.792,0.79,0.73,0.79,0.79,0.818,0.818,0.819,0.774,0.802,0.791,0.791,0.762,0.791,0.792
PAMAP,PAMAP_Outdoor_Subject5_IMU_Shoe_Y-Acc,0.116,0.375,0.523,0.539,0.617,0.706,0.743,0.743,0.704,0.731,0.725,0.727,0.758,0.758,0.756,0.756,0.756,0.764,0.764,0.764
PAMAP,PAMAP_Outdoor_Subject5_IMU_Shoe_Z-Acc,0.116,0.484,0.562,0.627,0.649,0.704,0.699,0.693,0.693,0.701,0.673,0.673,0.674,0.673,0.674,0.675,0.675,0.675,0.675,0.675
PAMAP,PAMAP_Outdoor_Subject5_IMU_Shoe_X-Gyro,0.116,0.423,0.52,0.549,0.63,0.729,0.677,0.673,0.718,0.671,0.67,0.672,0.672,0.672,0.632,0.631,0.617,0.636,0.636,0.643
PAMAP,PAMAP_Outdoor_Subject5_IMU_Shoe_Y-Gyro,0.116,0.346,0.426,0.482,0.547,0.574,0.596,0.662,0.664,0.602,0.597,0.597,0.598,0.596,0.596,0.623,0.597,0.597,0.623,0.623
PAMAP,PAMAP_Outdoor_Subject5_IMU_Shoe_Z-Gyro,0.116,0.433,0.623,0.664,0.68,0.796,0.668,0.665,0.701,0.701,0.683,0.72,0.671,0.753,0.753,0.676,0.678,0.676,0.676,0.744
PAMAP,PAMAP_Outdoor_Subject5_IMU_Shoe_X-Mag,0.116,0.217,0.304,0.284,0.405,0.405,0.358,0.363,0.364,0.366,0.366,0.373,0.373,0.373,0.371,0.371,0.371,0.365,0.365,0.439
PAMAP,PAMAP_Outdoor_Subject5_IMU_Shoe_Y-Mag,0.116,0.497,0.542,0.525,0.576,0.559,0.566,0.511,0.58,0.58,0.581,0.507,0.507,0.508,0.508,0.508,0.508,0.44,0.44,0.44
PAMAP,PAMAP_Outdoor_Subject5_IMU_Shoe_Z-Mag,0.116,0.272,0.33,0.399,0.369,0.467,0.467,0.457,0.399,0.359,0.457,0.457,0.459,0.399,0.399,0.394,0.394,0.394,0.394,0.335
PAMAP,PAMAP_Outdoor_Subject6_IMU_Shoe_X-Acc,0.115,0.483,0.527,0.606,0.696,0.707,0.789,0.793,0.814,0.808,0.808,0.809,0.813,0.813,0.813,0.804,0.804,0.804,0.804,0.804
PAMAP,PAMAP_Outdoor_Subject6_IMU_Shoe_Y-Acc,0.115,0.417,0.464,0.605,0.654,0.738,0.788,0.842,0.838,0.836,0.837,0.835,0.844,0.838,0.839,0.84,0.888,0.845,0.846,0.845
PAMAP,PAMAP_Outdoor_Subject6_IMU_Shoe_Z-Acc,0.115,0.461,0.418,0.622,0.63,0.702,0.682,0.663,0.72,0.684,0.732,0.719,0.719,0.732,0.723,0.736,0.741,0.741,0.732,0.704
PAMAP,PAMAP_Outdoor_Subject6_IMU_Shoe_X-Gyro,0.115,0.347,0.47,0.566,0.621,0.662,0.683,0.692,0.741,0.684,0.704,0.684,0.725,0.674,0.772,0.737,0.737,0.785,0.785,0.682
PAMAP,PAMAP_Outdoor_Subject6_IMU_Shoe_Y-Gyro,0.115,0.304,0.516,0.587,0.682,0.699,0.711,0.717,0.715,0.745,0.71,0.743,0.741,0.776,0.738,0.738,0.738,0.738,0.752,0.732
PAMAP,PAMAP_Outdoor_Subject6_IMU_Shoe_Z-Gyro,0.115,0.441,0.529,0.561,0.644,0.742,0.741,0.775,0.8,0.819,0.81,0.81,0.812,0.835,0.856,0.821,0.835,0.835,0.769,0.791
PAMAP,PAMAP_Outdoor_Subject6_IMU_Shoe_X-Mag,0.115,0.21,0.249,0.267,0.285,0.308,0.319,0.299,0.334,0.388,0.387,0.343,0.311,0.313,0.313,0.325,0.335,0.325,0.331,0.331
PAMAP,PAMAP_Outdoor_Subject6_IMU_Shoe_Y-Mag,0.115,0.363,0.394,0.501,0.506,0.483,0.462,0.5,0.492,0.527,0.527,0.529,0.582,0.581,0.581,0.582,0.572,0.567,0.567,0.567
PAMAP,PAMAP_Outdoor_Subject6_IMU_Shoe_Z-Mag,0.115,0.265,0.28,0.302,0.33,0.34,0.363,0.419,0.415,0.415,0.419,0.41,0.419,0.417,0.436,0.43,0.421,0.436,0.421,0.421
PAMAP,PAMAP_Outdoor_Subject7_IMU_Shoe_X-Acc,0.514,0.42,0.557,0.502,0.468,0.759,0.76,0.759,0.76,0.76,0.76,0.759,0.759,0.759,0.759,0.76,0.76,0.76,0.958,0.76
PAMAP,PAMAP_Outdoor_Subject7_IMU_Shoe_Y-Acc,0.514,0.766,0.946,0.936,0.936,0.936,0.936,0.936,0.936,0.936,0.936,0.936,0.936,0.936,0.936,0.936,0.86,0.86,0.936,0.936
PAMAP,PAMAP_Outdoor_Subject7_IMU_Shoe_Z-Acc,0.514,0.435,0.804,0.777,0.796,0.955,0.955,0.942,0.942,0.942,0.942,0.942,0.942,0.958,0.958,0.959,0.942,0.792,0.784,0.959
PAMAP,PAMAP_Outdoor_Subject7_IMU_Shoe_X-Gyro,0.514,0.624,0.624,0.624,0.624,0.614,0.614,0.614,0.614,0.624,0.624,0.624,0.614,0.614,0.614,0.624,0.624,0.624,0.624,0.621
PAMAP,PAMAP_Outdoor_Subject7_IMU_Shoe_Y-Gyro,0.264,0.679,0.723,0.846,0.846,0.846,0.778,0.778,0.846,0.846,0.722,0.722,0.846,0.846,0.846,0.846,0.722,0.703,0.74,0.798
PAMAP,PAMAP_Outdoor_Subject7_IMU_Shoe_Z-Gyro,0.514,0.537,0.595,0.595,0.595,0.595,0.595,0.595,0.595,0.595,0.595,0.595,0.595,0.595,0.595,0.596,0.596,0.636,0.81,0.594
PAMAP,PAMAP_Outdoor_Subject7_IMU_Shoe_X-Mag,0.199,0.401,0.524,0.612,0.612,0.612,0.612,0.612,0.612,0.612,0.612,0.612,0.612,0.612,0.465,0.463,0.462,0.462,0.462,0.462
PAMAP,PAMAP_Outdoor_Subject7_IMU_Shoe_Y-Mag,0.514,0.623,0.619,0.628,0.628,0.628,0.628,0.628,0.628,0.628,0.628,0.628,0.628,0.628,0.629,0.606,0.606,0.606,0.606,0.606
PAMAP,PAMAP_Outdoor_Subject7_IMU_Shoe_Z-Mag,0.247,0.379,0.385,0.629,0.591,0.591,0.591,0.622,0.622,0.58,0.591,0.591,0.591,0.591,0.576,0.572,0.582,0.582,0.582,0.582
PAMAP,PAMAP_Outdoor_Subject8_IMU_Shoe_X-Acc,0.116,0.502,0.587,0.658,0.731,0.783,0.797,0.8,0.8,0.829,0.875,0.875,0.875,0.797,0.797,0.797,0.796,0.872,0.873,0.796
PAMAP,PAMAP_Outdoor_Subject8_IMU_Shoe_Y-Acc,0.116,0.428,0.592,0.68,0.762,0.78,0.781,0.782,0.78,0.765,0.752,0.76,0.744,0.746,0.735,0.748,0.749,0.762,0.762,0.741
PAMAP,PAMAP_Outdoor_Subject8_IMU_Shoe_Z-Acc,0.116,0.485,0.573,0.68,0.703,0.71,0.736,0.716,0.736,0.71,0.736,0.736,0.736,0.738,0.733,0.733,0.736,0.742,0.741,0.741
PAMAP,PAMAP_Outdoor_Subject8_IMU_Shoe_X-Gyro,0.116,0.283,0.382,0.539,0.664,0.712,0.712,0.712,0.712,0.716,0.712,0.712,0.717,0.717,0.717,0.717,0.717,0.717,0.717,0.717
PAMAP,PAMAP_Outdoor_Subject8_IMU_Shoe_Y-Gyro,0.116,0.324,0.457,0.53,0.637,0.683,0.665,0.66,0.692,0.692,0.691,0.692,0.694,0.694,0.694,0.694,0.694,0.694,0.694,0.694
PAMAP,PAMAP_Outdoor_Subject8_IMU_Shoe_Z-Gyro,0.116,0.342,0.514,0.638,0.697,0.657,0.771,0.771,0.84,0.82,0.837,0.837,0.838,0.841,0.836,0.836,0.768,0.768,0.768,0.768
PAMAP,PAMAP_Outdoor_Subject8_IMU_Shoe_X-Mag,0.116,0.254,0.384,0.395,0.399,0.399,0.354,0.393,0.398,0.398,0.353,0.349,0.343,0.336,0.336,0.333,0.339,0.339,0.339,0.339
PAMAP,PAMAP_Outdoor_Subject8_IMU_Shoe_Y-Mag,0.116,0.363,0.371,0.381,0.417,0.417,0.435,0.435,0.404,0.403,0.404,0.404,0.417,0.417,0.429,0.429,0.415,0.415,0.415,0.416
PAMAP,PAMAP_Outdoor_Subject8_IMU_Shoe_Z-Mag,0.116,0.253,0.312,0.321,0.345,0.346,0.344,0.344,0.345,0.345,0.345,0.345,0.345,0.345,0.345,0.345,0.345,0.345,0.345,0.345
mHealth,mHealth_Subject1_Ankle_X-Acc,0.615,0.597,0.634,0.692,0.689,0.597,0.595,0.599,0.6,0.601,0.511,0.512,0.493,0.495,0.493,0.522,0.522,0.542,0.542,0.542
mHealth,mHealth_Subject1_Ankle_Y-Acc,0.635,0.722,0.633,0.713,0.713,0.712,0.762,0.757,0.757,0.758,0.739,0.739,0.74,0.739,0.739,0.66,0.66,0.678,0.678,0.66
mHealth,mHealth_Subject1_Ankle_Z-Acc,0.498,0.624,0.616,0.626,0.626,0.626,0.794,0.794,0.794,0.75,0.687,0.682,0.682,0.682,0.68,0.683,0.688,0.689,0.689,0.689
mHealth,mHealth_Subject1_Ankle_X-Gyro,0.716,0.713,0.709,0.694,0.693,0.609,0.606,0.606,0.606,0.607,0.585,0.585,0.585,0.585,0.585,0.585,0.58,0.58,0.58,0.58
mHealth,mHealth_Subject1_Ankle_Y-Gyro,0.62,0.698,0.695,0.701,0.701,0.782,0.68,0.675,0.675,0.694,0.696,0.655,0.655,0.655,0.655,0.655,0.654,0.654,0.654,0.654
mHealth,mHealth_Subject1_Ankle_Z-Gyro,0.514,0.615,0.73,0.71,0.711,0.728,0.774,0.773,0.773,0.766,0.754,0.759,0.736,0.742,0.742,0.759,0.764,0.743,0.743,0.741
mHealth,mHealth_Subject1_Ankle_X-Mag,0.571,0.585,0.652,0.648,0.731,0.732,0.732,0.732,0.775,0.797,0.836,0.813,0.79,0.832,0.813,0.784,0.785,0.798,0.838,0.798
mHealth,mHealth_Subject1_Ankle_Y-Mag,0.086,0.547,0.574,0.663,0.65,0.566,0.572,0.566,0.568,0.602,0.562,0.567,0.568,0.567,0.566,0.542,0.565,0.563,0.562,0.562
mHealth,mHealth_Subject1_Ankle_Z-Mag,0.443,0.568,0.551,0.641,0.553,0.543,0.553,0.551,0.551,0.741,0.654,0.62,0.62,0.526,0.526,0.545,0.525,0.567,0.567,0.567
mHealth,mHealth_Subject2_Ankle_X-Acc,0.087,0.567,0.689,0.635,0.598,0.595,0.545,0.546,0.546,0.545,0.544,0.544,0.547,0.766,0.596,0.6,0.596,0.546,0.546,0.546
mHealth,mHealth_Subject2_Ankle_Y-Acc,0.594,0.668,0.65,0.721,0.677,0.607,0.602,0.652,0.652,0.652,0.613,0.614,0.652,0.635,0.633,0.639,0.602,0.633,0.626,0.635
mHealth,mHealth_Subject2_Ankle_Z-Acc,0.55,0.632,0.604,0.629,0.63,0.632,0.629,0.513,0.639,0.58,0.706,0.649,0.706,0.513,0.629,0.63,0.629,0.63,0.626,0.626
mHealth,mHealth_Subject2_Ankle_X-Gyro,0.087,0.576,0.613,0.625,0.621,0.624,0.624,0.538,0.54,0.538,0.538,0.539,0.539,0.539,0.538,0.538,0.538,0.539,0.539,0.539
mHealth,mHealth_Subject2_Ankle_Y-Gyro,0.087,0.674,0.677,0.676,0.675,0.673,0.673,0.658,0.671,0.671,0.671,0.643,0.643,0.671,0.671,0.671,0.671,0.671,0.671,0.671
mHealth,mHealth_Subject2_Ankle_Z-Gyro,0.087,0.69,0.652,0.67,0.682,0.592,0.681,0.591,0.589,0.592,0.591,0.591,0.589,0.592,0.594,0.595,0.595,0.594,0.594,0.594
mHealth,mHealth_Subject2_Ankle_X-Mag,0.637,0.625,0.624,0.703,0.705,0.684,0.68,0.717,0.699,0.649,0.682,0.683,0.683,0.7,0.682,0.68,0.682,0.716,0.717,0.714
mHealth,mHealth_Subject2_Ankle_Y-Mag,0.087,0.551,0.567,0.565,0.57,0.598,0.568,0.598,0.601,0.601,0.6,0.583,0.601,0.565,0.596,0.596,0.596,0.576,0.566,0.565
mHealth,mHealth_Subject2_Ankle_Z-Mag,0.647,0.686,0.622,0.776,0.772,0.772,0.716,0.716,0.716,0.639,0.639,0.727,0.623,0.591,0.683,0.62,0.62,0.683,0.681,0.684
mHealth,mHealth_Subject3_Ankle_X-Acc,0.643,0.561,0.635,0.644,0.644,0.64,0.645,0.72,0.64,0.642,0.646,0.452,0.452,0.452,0.453,0.453,0.616,0.647,0.646,0.646
mHealth,mHealth_Subject3_Ankle_Y-Acc,0.641,0.643,0.65,0.63,0.63,0.63,0.52,0.519,0.533,0.455,0.454,0.45,0.449,0.45,0.453,0.45,0.453,0.453,0.454,0.453
mHealth,mHealth_Subject3_Ankle_Z-Acc,0.549,0.548,0.494,0.544,0.614,0.615,0.609,0.596,0.608,0.61,0.566,0.571,0.461,0.571,0.565,0.579,0.566,0.575,0.565,0.565
mHealth,mHealth_Subject3_Ankle_X-Gyro,0.586,0.676,0.722,0.567,0.642,0.642,0.64,0.64,0.64,0.64,0.646,0.629,0.647,0.629,0.629,0.646,0.646,0.646,0.646,0.646
mHealth,mHealth_Subject3_Ankle_Y-Gyro,0.655,0.497,0.626,0.723,0.661,0.661,0.636,0.639,0.639,0.66,0.662,0.661,0.661,0.661,0.661,0.661,0.661,0.661,0.662,0.661
mHealth,mHealth_Subject3_Ankle_Z-Gyro,0.634,0.621,0.608,0.657,0.657,0.657,0.657,0.653,0.653,0.61,0.61,0.623,0.609,0.623,0.623,0.617,0.612,0.611,0.61,0.61
mHealth,mHealth_Subject3_Ankle_X-Mag,0.087,0.775,0.727,0.711,0.726,0.726,0.727,0.727,0.678,0.772,0.725,0.696,0.696,0.695,0.694,0.694,0.711,0.711,0.728,0.728
mHealth,mHealth_Subject3_Ankle_Y-Mag,0.087,0.653,0.718,0.715,0.716,0.61,0.61,0.78,0.781,0.751,0.57,0.544,0.569,0.774,0.597,0.543,0.544,0.544,0.57,0.57
mHealth,mHealth_Subject3_Ankle_Z-Mag,0.087,0.742,0.742,0.714,0.746,0.744,0.744,0.739,0.568,0.733,0.813,0.855,0.765,0.855,0.855,0.855,0.813,0.813,0.834,0.813
mHealth,mHealth_Subject4_Ankle_X-Acc,0.433,0.601,0.602,0.599,0.619,0.6,0.631,0.628,0.639,0.479,0.508,0.507,0.479,0.456,0.459,0.456,0.47,0.467,0.467,0.479
mHealth,mHealth_Subject4_Ankle_Y-Acc,0.514,0.673,0.675,0.672,0.654,0.671,0.655,0.653,0.661,0.643,0.649,0.676,0.66,0.649,0.66,0.66,0.643,0.658,0.658,0.649
mHealth,mHealth_Subject4_Ankle_Z-Acc,0.459,0.529,0.53,0.624,0.682,0.678,0.672,0.671,0.671,0.671,0.674,0.673,0.673,0.671,0.672,0.672,0.672,0.671,0.671,0.671
mHealth,mHealth_Subject4_Ankle_X-Gyro,0.087,0.602,0.724,0.814,0.811,0.781,0.78,0.808,0.808,0.808,0.808,0.803,0.803,0.803,0.808,0.808,0.808,0.803,0.803,0.803
mHealth,mHealth_Subject4_Ankle_Y-Gyro,0.087,0.584,0.553,0.607,0.607,0.586,0.607,0.666,0.554,0.636,0.634,0.634,0.653,0.638,0.638,0.638,0.638,0.638,0.633,0.633
mHealth,mHealth_Subject4_Ankle_Z-Gyro,0.087,0.607,0.553,0.55,0.57,0.599,0.68,0.681,0.646,0.68,0.62,0.62,0.679,0.68,0.681,0.605,0.681,0.681,0.681,0.681
mHealth,mHealth_Subject4_Ankle_X-Mag,0.745,0.772,0.742,0.742,0.819,0.784,0.774,0.746,0.853,0.771,0.776,0.884,0.776,0.775,0.773,0.785,0.773,0.773,0.774,0.773
mHealth,mHealth_Subject4_Ankle_Y-Mag,0.087,0.572,0.532,0.647,0.668,0.677,0.671,0.685,0.591,0.61,0.605,0.606,0.594,0.594,0.597,0.597,0.596,0.596,0.591,0.594
mHealth,mHealth_Subject4_Ankle_Z-Mag,0.604,0.682,0.837,0.909,0.849,0.842,0.841,0.844,0.844,0.845,0.843,0.841,0.845,0.844,0.842,0.842,0.842,0.841,0.841,0.844
mHealth,mHealth_Subject5_Ankle_X-Acc,0.708,0.73,0.726,0.678,0.677,0.714,0.713,0.713,0.697,0.686,0.713,0.717,0.717,0.717,0.717,0.717,0.698,0.697,0.697,0.713
mHealth,mHealth_Subject5_Ankle_Y-Acc,0.73,0.71,0.71,0.711,0.71,0.71,0.717,0.751,0.751,0.71,0.713,0.714,0.715,0.714,0.714,0.713,0.713,0.713,0.713,0.713
mHealth,mHealth_Subject5_Ankle_Z-Acc,0.645,0.644,0.645,0.642,0.642,0.641,0.698,0.697,0.719,0.673,0.617,0.618,0.619,0.618,0.618,0.619,0.619,0.684,0.684,0.684
mHealth,mHealth_Subject5_Ankle_X-Gyro,0.634,0.727,0.727,0.668,0.665,0.65,0.661,0.66,0.66,0.663,0.663,0.65,0.65,0.65,0.65,0.65,0.664,0.664,0.664,0.664
mHealth,mHealth_Subject5_Ankle_Y-Gyro,0.767,0.728,0.728,0.736,0.765,0.766,0.714,0.712,0.712,0.765,0.762,0.763,0.763,0.763,0.762,0.761,0.761,0.761,0.762,0.762
mHealth,mHealth_Subject5_Ankle_Z-Gyro,0.724,0.719,0.719,0.71,0.678,0.708,0.699,0.699,0.699,0.706,0.708,0.709,0.624,0.624,0.624,0.709,0.709,0.709,0.624,0.657
mHealth,mHealth_Subject5_Ankle_X-Mag,0.847,0.892,0.956,0.956,0.95,0.956,0.95,0.949,0.951,0.911,0.873,0.916,0.915,0.916,0.915,0.908,0.907,0.906,0.906,0.906
mHealth,mHealth_Subject5_Ankle_Y-Mag,0.619,0.811,0.814,0.815,0.816,0.815,0.738,0.737,0.737,0.869,0.954,0.955,0.807,0.955,0.866,0.867,0.867,0.868,0.809,0.809
mHealth,mHealth_Subject5_Ankle_Z-Mag,0.75,0.856,0.782,0.867,0.786,0.867,0.785,0.863,0.73,0.912,0.913,0.911,0.916,0.911,0.911,0.909,0.913,0.91,0.913,0.909
mHealth,mHealth_Subject6_Ankle_X-Acc,0.715,0.8,0.8,0.792,0.798,0.798,0.662,0.661,0.704,0.657,0.661,0.674,0.675,0.675,0.674,0.703,0.739,0.739,0.739,0.739
mHealth,mHealth_Subject6_Ankle_Y-Acc,0.732,0.73,0.722,0.705,0.727,0.712,0.646,0.646,0.647,0.651,0.69,0.696,0.696,0.695,0.664,0.686,0.686,0.686,0.686,0.695
mHealth,mHealth_Subject6_Ankle_Z-Acc,0.606,0.717,0.685,0.685,0.639,0.683,0.624,0.621,0.619,0.624,0.63,0.666,0.667,0.666,0.663,0.662,0.662,0.662,0.662,0.663
mHealth,mHealth_Subject6_Ankle_X-Gyro,0.795,0.799,0.797,0.715,0.714,0.714,0.714,0.712,0.712,0.712,0.71,0.732,0.736,0.736,0.736,0.736,0.736,0.736,0.74,0.74
mHealth,mHealth_Subject6_Ankle_Y-Gyro,0.593,0.732,0.725,0.671,0.659,0.659,0.648,0.648,0.648,0.648,0.652,0.652,0.652,0.652,0.651,0.651,0.651,0.652,0.659,0.659
mHealth,mHealth_Subject6_Ankle_Z-Gyro,0.674,0.764,0.761,0.655,0.655,0.652,0.652,0.651,0.651,0.656,0.655,0.663,0.663,0.663,0.663,0.663,0.663,0.663,0.663,0.663
mHealth,mHealth_Subject6_Ankle_X-Mag,0.841,0.898,0.898,0.837,0.837,0.837,0.837,0.832,0.832,0.803,0.817,0.855,0.822,0.858,0.834,0.855,0.79,0.79,0.855,0.834
mHealth,mHealth_Subject6_Ankle_Y-Mag,0.733,0.653,0.653,0.653,0.653,0.619,0.619,0.621,0.621,0.622,0.609,0.609,0.609,0.609,0.609,0.609,0.621,0.621,0.621,0.621
mHealth,mHealth_Subject6_Ankle_Z-Mag,0.668,0.764,0.764,0.721,0.721,0.721,0.721,0.721,0.72,0.673,0.67,0.669,0.691,0.691,0.691,0.669,0.669,0.675,0.691,0.7
mHealth,mHealth_Subject7_Ankle_X-Acc,0.087,0.58,0.565,0.521,0.562,0.563,0.644,0.64,0.639,0.636,0.638,0.638,0.638,0.64,0.635,0.635,0.644,0.649,0.64,0.636
mHealth,mHealth_Subject7_Ankle_Y-Acc,0.619,0.637,0.633,0.612,0.61,0.557,0.586,0.587,0.592,0.527,0.552,0.549,0.527,0.586,0.588,0.588,0.586,0.561,0.585,0.587
mHealth,mHealth_Subject7_Ankle_Z-Acc,0.531,0.552,0.609,0.568,0.599,0.619,0.621,0.598,0.577,0.688,0.573,0.576,0.592,0.688,0.598,0.598,0.598,0.652,0.574,0.698
mHealth,mHealth_Subject7_Ankle_X-Gyro,0.672,0.658,0.663,0.689,0.62,0.6,0.547,0.554,0.47,0.451,0.449,0.505,0.457,0.457,0.442,0.442,0.457,0.457,0.457,0.457
mHealth,mHealth_Subject7_Ankle_Y-Gyro,0.617,0.594,0.566,0.56,0.571,0.647,0.636,0.614,0.594,0.575,0.609,0.61,0.61,0.596,0.634,0.634,0.634,0.634,0.614,0.616
mHealth,mHealth_Subject7_Ankle_Z-Gyro,0.663,0.604,0.605,0.63,0.685,0.635,0.65,0.653,0.653,0.664,0.672,0.661,0.653,0.635,0.685,0.654,0.654,0.685,0.685,0.684
mHealth,mHealth_Subject7_Ankle_X-Mag,0.563,0.617,0.693,0.621,0.611,0.66,0.761,0.762,0.757,0.736,0.715,0.71,0.719,0.715,0.757,0.763,0.757,0.757,0.738,0.72
mHealth,mHealth_Subject7_Ankle_Y-Mag,0.577,0.53,0.53,0.512,0.541,0.551,0.55,0.549,0.567,0.567,0.567,0.569,0.569,0.569,0.568,0.567,0.568,0.567,0.567,0.569
mHealth,mHealth_Subject7_Ankle_Z-Mag,0.542,0.628,0.584,0.587,0.558,0.563,0.586,0.576,0.543,0.545,0.545,0.541,0.541,0.544,0.576,0.576,0.576,0.543,0.544,0.542
mHealth,mHealth_Subject8_Ankle_X-Acc,0.448,0.637,0.613,0.655,0.654,0.613,0.613,0.613,0.613,0.556,0.651,0.613,0.652,0.659,0.66,0.66,0.659,0.659,0.652,0.654
mHealth,mHealth_Subject8_Ankle_Y-Acc,0.579,0.65,0.612,0.558,0.53,0.53,0.558,0.558,0.558,0.586,0.565,0.565,0.563,0.628,0.549,0.549,0.548,0.547,0.628,0.627
mHealth,mHealth_Subject8_Ankle_Z-Acc,0.559,0.441,0.499,0.585,0.584,0.584,0.584,0.57,0.57,0.569,0.488,0.495,0.528,0.533,0.528,0.528,0.528,0.533,0.532,0.528
mHealth,mHealth_Subject8_Ankle_X-Gyro,0.476,0.6,0.492,0.578,0.578,0.662,0.585,0.662,0.584,0.587,0.582,0.586,0.582,0.582,0.582,0.582,0.582,0.585,0.585,0.585
mHealth,mHealth_Subject8_Ankle_Y-Gyro,0.681,0.62,0.621,0.51,0.527,0.528,0.517,0.528,0.528,0.517,0.504,0.484,0.501,0.501,0.501,0.501,0.501,0.484,0.484,0.498
mHealth,mHealth_Subject8_Ankle_Z-Gyro,0.71,0.633,0.657,0.645,0.644,0.644,0.643,0.643,0.643,0.673,0.725,0.702,0.705,0.704,0.743,0.743,0.743,0.743,0.704,0.708
mHealth,mHealth_Subject8_Ankle_X-Mag,0.713,0.643,0.636,0.635,0.635,0.644,0.644,0.644,0.655,0.635,0.662,0.714,0.713,0.715,0.679,0.679,0.715,0.712,0.713,0.674
mHealth,mHealth_Subject8_Ankle_Y-Mag,0.74,0.76,0.814,0.813,0.818,0.673,0.673,0.673,0.701,0.744,0.821,0.852,0.839,0.838,0.838,0.838,0.841,0.838,0.839,0.841
mHealth,mHealth_Subject8_Ankle_Z-Mag,0.474,0.688,0.734,0.731,0.75,0.754,0.75,0.702,0.702,0.713,0.702,0.73,0.735,0.732,0.73,0.73,0.731,0.732,0.729,0.73
mHealth,mHealth_Subject9_Ankle_X-Acc,0.543,0.629,0.629,0.628,0.545,0.784,0.602,0.74,0.758,0.763,0.766,0.763,0.763,0.754,0.759,0.602,0.601,0.605,0.605,0.605
mHealth,mHealth_Subject9_Ankle_Y-Acc,0.635,0.61,0.609,0.753,0.753,0.735,0.763,0.739,0.762,0.707,0.746,0.746,0.747,0.746,0.747,0.747,0.747,0.705,0.705,0.705
mHealth,mHealth_Subject9_Ankle_Z-Acc,0.529,0.619,0.63,0.66,0.657,0.657,0.726,0.726,0.652,0.653,0.758,0.584,0.686,0.584,0.701,0.698,0.683,0.76,0.683,0.683
mHealth,mHealth_Subject9_Ankle_X-Gyro,0.7,0.709,0.793,0.77,0.793,0.796,0.79,0.79,0.79,0.79,0.789,0.792,0.792,0.792,0.792,0.792,0.792,0.792,0.792,0.792
mHealth,mHealth_Subject9_Ankle_Y-Gyro,0.677,0.759,0.758,0.712,0.709,0.737,0.677,0.674,0.673,0.741,0.741,0.708,0.712,0.708,0.708,0.736,0.736,0.7,0.708,0.712
mHealth,mHealth_Subject9_Ankle_Z-Gyro,0.689,0.691,0.738,0.758,0.757,0.756,0.755,0.76,0.76,0.757,0.767,0.737,0.738,0.738,0.738,0.734,0.734,0.765,0.765,0.765
mHealth,mHealth_Subject9_Ankle_X-Mag,0.086,0.857,0.821,0.821,0.82,0.82,0.82,0.819,0.819,0.819,0.824,0.787,0.789,0.787,0.786,0.786,0.826,0.822,0.822,0.822
mHealth,mHealth_Subject9_Ankle_Y-Mag,0.086,0.766,0.866,0.795,0.757,0.753,0.753,0.755,0.755,0.756,0.79,0.789,0.789,0.789,0.789,0.79,0.788,0.775,0.775,0.756
mHealth,mHealth_Subject9_Ankle_Z-Mag,0.086,0.68,0.77,0.772,0.771,0.768,0.867,0.867,0.867,0.859,0.785,0.814,0.814,0.815,0.785,0.841,0.809,0.805,0.783,0.783
mHealth,mHealth_Subject10_Ankle_X-Acc,0.432,0.547,0.552,0.552,0.725,0.674,0.676,0.604,0.522,0.522,0.61,0.611,0.522,0.543,0.513,0.539,0.513,0.542,0.63,0.54
mHealth,mHealth_Subject10_Ankle_Y-Acc,0.628,0.594,0.63,0.606,0.605,0.607,0.604,0.598,0.604,0.601,0.602,0.599,0.601,0.602,0.603,0.606,0.603,0.603,0.602,0.602
mHealth,mHealth_Subject10_Ankle_Z-Acc,0.46,0.489,0.493,0.583,0.602,0.603,0.61,0.604,0.605,0.575,0.582,0.574,0.582,0.604,0.599,0.598,0.606,0.605,0.605,0.605
mHealth,mHealth_Subject10_Ankle_X-Gyro,0.087,0.64,0.671,0.587,0.585,0.636,0.634,0.635,0.662,0.659,0.605,0.659,0.659,0.605,0.605,0.605,0.605,0.605,0.605,0.659
mHealth,mHealth_Subject10_Ankle_Y-Gyro,0.087,0.489,0.489,0.604,0.6,0.511,0.602,0.6,0.601,0.601,0.6,0.6,0.601,0.599,0.601,0.601,0.601,0.601,0.599,0.599
mHealth,mHealth_Subject10_Ankle_Z-Gyro,0.087,0.508,0.509,0.509,0.506,0.495,0.496,0.595,0.594,0.593,0.593,0.593,0.594,0.583,0.594,0.594,0.594,0.593,0.583,0.583
mHealth,mHealth_Subject10_Ankle_X-Mag,0.671,0.705,0.798,0.754,0.76,0.735,0.724,0.723,0.727,0.724,0.726,0.724,0.724,0.723,0.724,0.724,0.724,0.722,0.722,0.723
mHealth,mHealth_Subject10_Ankle_Y-Mag,0.087,0.673,0.704,0.75,0.803,0.759,0.764,0.757,0.75,0.722,0.722,0.722,0.722,0.76,0.759,0.744,0.759,0.759,0.764,0.763
mHealth,mHealth_Subject10_Ankle_Z-Mag,0.617,0.52,0.55,0.705,0.693,0.645,0.781,0.81,0.806,0.713,0.705,0.704,0.81,0.699,0.781,0.781,0.781,0.781,0.746,0.699
WESAD,WESAD_Subject2_chest_X-ACC,0.3,0.42,0.446,0.464,0.613,0.641,0.598,0.478,0.596,0.726,0.373,0.386,0.368,0.402,0.393,0.356,0.614,0.557,0.396,0.611
WESAD,WESAD_Subject2_chest_Y-ACC,0.253,0.369,0.305,0.329,0.227,0.268,0.261,0.261,0.261,0.218,0.251,0.251,0.251,0.259,0.246,0.247,0.26,0.251,0.26,0.26
WESAD,WESAD_Subject2_chest_Z-ACC,0.253,0.427,0.488,0.583,0.558,0.523,0.443,0.422,0.444,0.541,0.253,0.553,0.553,0.553,0.553,0.553,0.553,0.581,0.701,0.553
WESAD,WESAD_Subject2_chest_ECG,0.253,0.413,0.654,0.47,0.509,0.547,0.599,0.71,0.726,0.775,0.823,0.73,0.773,0.773,0.76,0.808,0.76,0.76,0.813,0.859
WESAD,WESAD_Subject2_chest_EMG,0.394,0.44,0.427,0.592,0.789,0.754,0.696,0.622,0.564,0.622,0.623,0.754,0.623,0.641,0.641,0.641,0.598,0.475,0.511,0.475
WESAD,WESAD_Subject2_chest_EDA,0.253,0.127,0.148,0.137,0.171,0.19,0.219,0.367,0.416,0.385,0.435,0.444,0.401,0.401,0.424,0.443,0.405,0.463,0.468,0.428
WESAD,WESAD_Subject2_chest_Temp,0.213,0.343,0.51,0.43,0.65,0.503,0.503,0.503,0.503,0.503,0.602,0.537,0.547,0.613,0.547,0.547,0.59,0.547,0.62,0.62
WESAD,WESAD_Subject2_chest_Resp,0.253,0.012,0.026,0.138,0.207,0.356,0.476,0.494,0.495,0.511,0.614,0.613,0.62,0.619,0.757,0.757,0.682,0.682,0.64,0.683
WESAD,WESAD_Subject3_chest_X-ACC,0.25,0.39,0.342,0.406,0.477,0.439,0.451,0.527,0.52,0.42,0.477,0.439,0.407,0.72,0.457,0.527,0.581,0.566,0.556,0.515
WESAD,WESAD_Subject3_chest_Y-ACC,0.25,0.28,0.229,0.204,0.254,0.293,0.338,0.341,0.372,0.353,0.339,0.368,0.37,0.423,0.451,0.497,0.518,0.518,0.529,0.491
WESAD,WESAD_Subject3_chest_Z-ACC,0.25,0.206,0.145,0.167,0.256,0.298,0.328,0.38,0.399,0.374,0.424,0.403,0.428,0.54,0.543,0.492,0.729,0.601,0.633,0.697
WESAD,WESAD_Subject3_chest_ECG,0.25,0.664,0.513,0.337,0.353,0.3,0.315,0.336,0.368,0.397,0.47,0.615,0.534,0.614,0.5,0.514,0.591,0.514,0.482,0.507
WESAD,WESAD_Subject3_chest_EMG,0.293,0.302,0.272,0.329,0.343,0.439,0.54,0.541,0.498,0.491,0.53,0.509,0.548,0.548,0.528,0.529,0.529,0.528,0.48,0.48
WESAD,WESAD_Subject3_chest_EDA,0.25,0.443,0.617,0.646,0.632,0.812,0.645,0.629,0.629,0.628,0.628,0.634,0.682,0.598,0.738,0.608,0.598,0.598,0.653,0.627
WESAD,WESAD_Subject3_chest_Temp,0.231,0.366,0.573,0.631,0.557,0.509,0.437,0.221,0.408,0.408,0.345,0.38,0.38,0.38,0.38,0.38,0.38,0.38,0.38,0.38
WESAD,WESAD_Subject3_chest_Resp,0.25,0.016,0.024,0.036,0.056,0.078,0.127,0.141,0.141,0.196,0.226,0.236,0.255,0.275,0.304,0.324,0.348,0.383,0.423,0.423
WESAD,WESAD_Subject4_chest_X-ACC,0.25,0.22,0.522,0.548,0.506,0.722,0.728,0.621,0.528,0.533,0.61,0.744,0.745,0.742,0.77,0.636,0.677,0.498,0.676,0.689
WESAD,WESAD_Subject4_chest_Y-ACC,0.25,0.35,0.273,0.362,0.341,0.38,0.453,0.461,0.507,0.496,0.513,0.538,0.521,0.674,0.699,0.699,0.538,0.602,0.689,0.719
WESAD,WESAD_Subject4_chest_Z-ACC,0.25,0.385,0.462,0.434,0.463,0.509,0.548,0.437,0.45,0.493,0.524,0.618,0.659,0.564,0.552,0.675,0.515,0.515,0.456,0.456
WESAD,WESAD_Subject4_chest_ECG,0.25,0.59,0.59,0.593,0.576,0.462,0.446,0.437,0.485,0.517,0.62,0.662,0.642,0.643,0.667,0.663,0.639,0.643,0.639,0.655
WESAD,WESAD_Subject4_chest_EMG,0.278,0.436,0.617,0.64,0.638,0.677,0.659,0.659,0.637,0.58,0.589,0.589,0.589,0.676,0.699,0.699,0.632,0.69,0.726,0.726
WESAD,WESAD_Subject4_chest_EDA,0.061,0.1,0.123,0.159,0.155,0.157,0.203,0.236,0.237,0.259,0.323,0.354,0.371,0.371,0.408,0.427,0.425,0.331,0.331,0.412
WESAD,WESAD_Subject4_chest_Temp,0.119,0.251,0.496,0.414,0.418,0.739,0.664,0.647,0.5,0.549,0.671,0.697,0.665,0.518,0.725,0.563,0.719,0.705,0.739,0.748
WESAD,WESAD_Subject4_chest_Resp,0.25,0.013,0.028,0.046,0.065,0.199,0.256,0.319,0.35,0.352,0.318,0.348,0.486,0.474,0.434,0.374,0.374,0.374,0.374,0.44
WESAD,WESAD_Subject5_chest_X-ACC,0.423,0.323,0.446,0.452,0.403,0.505,0.395,0.444,0.458,0.459,0.535,0.463,0.365,0.365,0.365,0.366,0.392,0.391,0.391,0.391
WESAD,WESAD_Subject5_chest_Y-ACC,0.39,0.544,0.477,0.432,0.352,0.369,0.368,0.351,0.36,0.42,0.372,0.334,0.378,0.378,0.495,0.495,0.443,0.443,0.443,0.429
WESAD,WESAD_Subject5_chest_Z-ACC,0.446,0.426,0.564,0.625,0.636,0.63,0.656,0.793,0.816,0.756,0.821,0.749,0.684,0.742,0.557,0.557,0.611,0.526,0.526,0.526
WESAD,WESAD_Subject5_chest_ECG,0.254,0.475,0.255,0.404,0.395,0.413,0.437,0.437,0.425,0.368,0.517,0.369,0.532,0.489,0.517,0.527,0.553,0.494,0.574,0.639
WESAD,WESAD_Subject5_chest_EMG,0.312,0.647,0.529,0.461,0.461,0.46,0.646,0.642,0.645,0.659,0.66,0.731,0.732,0.732,0.732,0.731,0.731,0.731,0.731,0.731
WESAD,WESAD_Subject5_chest_EDA,0.254,0.151,0.344,0.184,0.367,0.508,0.434,0.48,0.562,0.555,0.529,0.705,0.701,0.626,0.636,0.717,0.614,0.495,0.611,0.501
WESAD,WESAD_Subject5_chest_Temp,0.175,0.373,0.471,0.478,0.466,0.436,0.506,0.574,0.615,0.588,0.608,0.621,0.56,0.683,0.598,0.591,0.49,0.689,0.689,0.558
WESAD,WESAD_Subject5_chest_Resp,0.254,0.008,0.01,0.02,0.053,0.082,0.125,0.191,0.217,0.202,0.226,0.249,0.243,0.279,0.284,0.289,0.349,0.289,0.288,0.359
MIT-BIH-VE,MIT-BIH-VE_ECG_Subject418,0.42,0.526,0.521,0.606,0.655,0.596,0.569,0.521,0.482,0.466,0.516,0.451,0.468,0.456,0.209,0.209,0.28,0.245,0.245,0.245
MIT-BIH-VE,MIT-BIH-VE_ECG_Subject418,0.42,0.526,0.521,0.606,0.655,0.596,0.569,0.521,0.482,0.466,0.516,0.451,0.468,0.456,0.209,0.209,0.28,0.245,0.245,0.245
MIT-BIH-VE,MIT-BIH-VE_ECG_Subject419,0.116,0.417,0.469,0.421,0.388,0.394,0.399,0.439,0.387,0.387,0.387,0.408,0.386,0.353,0.387,0.388,0.354,0.349,0.349,0.349
MIT-BIH-VE,MIT-BIH-VE_ECG_Subject419,0.116,0.417,0.469,0.421,0.388,0.394,0.399,0.439,0.387,0.387,0.387,0.408,0.386,0.353,0.387,0.388,0.354,0.349,0.349,0.349
MIT-BIH-VE,MIT-BIH-VE_ECG_Subject420,0.351,0.257,0.27,0.272,0.267,0.262,0.262,0.283,0.436,0.555,0.675,0.654,0.561,0.68,0.499,0.515,0.517,0.527,0.53,0.532
MIT-BIH-VE,MIT-BIH-VE_ECG_Subject420,0.351,0.257,0.27,0.272,0.267,0.262,0.262,0.283,0.436,0.555,0.675,0.654,0.561,0.68,0.499,0.515,0.517,0.527,0.53,0.532
MIT-BIH-VE,MIT-BIH-VE_ECG_Subject421,0.092,0.436,0.428,0.465,0.408,0.441,0.459,0.446,0.442,0.418,0.434,0.411,0.411,0.439,0.402,0.386,0.421,0.397,0.392,0.36
MIT-BIH-VE,MIT-BIH-VE_ECG_Subject421,0.092,0.436,0.428,0.465,0.408,0.441,0.459,0.446,0.442,0.418,0.434,0.411,0.411,0.439,0.402,0.386,0.421,0.397,0.392,0.36
MIT-BIH-VE,MIT-BIH-VE_ECG_Subject422,0.137,0.46,0.416,0.404,0.418,0.476,0.5,0.5,0.48,0.467,0.419,0.481,0.477,0.505,0.481,0.477,0.477,0.477,0.516,0.506
MIT-BIH-VE,MIT-BIH-VE_ECG_Subject422,0.137,0.46,0.416,0.404,0.418,0.476,0.5,0.5,0.48,0.467,0.419,0.481,0.477,0.505,0.481,0.477,0.477,0.477,0.516,0.506
MIT-BIH-VE,MIT-BIH-VE_ECG_Subject423,0.207,0.365,0.419,0.432,0.524,0.659,0.661,0.661,0.661,0.662,0.707,0.778,0.774,0.57,0.574,0.781,0.786,0.776,0.796,0.795
MIT-BIH-VE,MIT-BIH-VE_ECG_Subject423,0.207,0.365,0.419,0.432,0.524,0.659,0.661,0.661,0.661,0.662,0.707,0.778,0.774,0.57,0.574,0.781,0.786,0.776,0.796,0.795
MIT-BIH-VE,MIT-BIH-VE_ECG_Subject424,0.389,0.244,0.258,0.317,0.344,0.36,0.412,0.479,0.476,0.482,0.483,0.6,0.6,0.6,0.6,0.59,0.589,0.594,0.588,0.588
MIT-BIH-VE,MIT-BIH-VE_ECG_Subject424,0.389,0.244,0.258,0.317,0.344,0.36,0.412,0.479,0.476,0.482,0.483,0.6,0.6,0.6,0.6,0.59,0.589,0.594,0.588,0.588
MIT-BIH-VE,MIT-BIH-VE_ECG_Subject425,0.115,0.448,0.474,0.435,0.464,0.421,0.549,0.377,0.366,0.38,0.381,0.455,0.455,0.456,0.456,0.528,0.528,0.457,0.448,0.454
MIT-BIH-VE,MIT-BIH-VE_ECG_Subject425,0.115,0.448,0.474,0.435,0.464,0.421,0.549,0.377,0.366,0.38,0.381,0.455,0.455,0.456,0.456,0.528,0.528,0.457,0.448,0.454
MIT-BIH-VE,MIT-BIH-VE_ECG_Subject426,0.179,0.32,0.42,0.492,0.608,0.533,0.521,0.498,0.557,0.574,0.589,0.589,0.597,0.611,0.771,0.773,0.747,0.747,0.756,0.775
MIT-BIH-VE,MIT-BIH-VE_ECG_Subject426,0.179,0.32,0.42,0.492,0.608,0.533,0.521,0.498,0.557,0.574,0.589,0.589,0.597,0.611,0.771,0.773,0.747,0.747,0.756,0.775
MIT-BIH-VE,MIT-BIH-VE_ECG_Subject427,0.346,0.396,0.468,0.434,0.516,0.513,0.535,0.451,0.492,0.739,0.494,0.558,0.558,0.558,0.558,0.594,0.558,0.558,0.558,0.558
MIT-BIH-VE,MIT-BIH-VE_ECG_Subject427,0.346,0.396,0.468,0.434,0.516,0.513,0.535,0.451,0.492,0.739,0.494,0.558,0.558,0.558,0.558,0.594,0.558,0.558,0.558,0.558
MIT-BIH-VE,MIT-BIH-VE_ECG_Subject428,0.642,0.126,0.124,0.117,0.159,0.186,0.329,0.32,0.208,0.378,0.283,0.283,0.422,0.422,0.39,0.39,0.39,0.411,0.414,0.459
MIT-BIH-VE,MIT-BIH-VE_ECG_Subject428,0.642,0.126,0.124,0.117,0.159,0.186,0.329,0.32,0.208,0.378,0.283,0.283,0.422,0.422,0.39,0.39,0.39,0.411,0.414,0.459
MIT-BIH-VE,MIT-BIH-VE_ECG_Subject429,0.26,0.271,0.307,0.333,0.314,0.412,0.477,0.591,0.683,0.682,0.651,0.729,0.728,0.739,0.746,0.744,0.744,0.69,0.689,0.691
MIT-BIH-VE,MIT-BIH-VE_ECG_Subject429,0.26,0.271,0.307,0.333,0.314,0.412,0.477,0.591,0.683,0.682,0.651,0.729,0.728,0.739,0.746,0.744,0.744,0.69,0.689,0.691
MIT-BIH-VE,MIT-BIH-VE_ECG_Subject430,0.368,0.395,0.4,0.488,0.519,0.551,0.529,0.547,0.559,0.594,0.594,0.632,0.623,0.623,0.622,0.604,0.602,0.582,0.544,0.552
MIT-BIH-VE,MIT-BIH-VE_ECG_Subject430,0.368,0.395,0.4,0.488,0.519,0.551,0.529,0.547,0.559,0.594,0.594,0.632,0.623,0.623,0.622,0.604,0.602,0.582,0.544,0.552
MIT-BIH-VE,MIT-BIH-VE_ECG_Subject602,0.208,0.228,0.203,0.236,0.255,0.295,0.332,0.373,0.38,0.422,0.426,0.447,0.447,0.444,0.446,0.469,0.482,0.525,0.525,0.5
MIT-BIH-VE,MIT-BIH-VE_ECG_Subject602,0.208,0.228,0.203,0.236,0.255,0.295,0.332,0.373,0.38,0.422,0.426,0.447,0.447,0.444,0.446,0.469,0.482,0.525,0.525,0.5
MIT-BIH-VE,MIT-BIH-VE_ECG_Subject605,0.124,0.302,0.409,0.477,0.528,0.528,0.479,0.479,0.479,0.479,0.479,0.479,0.48,0.48,0.48,0.48,0.509,0.508,0.508,0.863
MIT-BIH-VE,MIT-BIH-VE_ECG_Subject605,0.124,0.302,0.409,0.477,0.528,0.528,0.479,0.479,0.479,0.479,0.479,0.479,0.48,0.48,0.48,0.48,0.509,0.508,0.508,0.863
MIT-BIH-VE,MIT-BIH-VE_ECG_Subject607,0.494,0.239,0.259,0.279,0.294,0.294,0.304,0.304,0.304,0.304,0.304,0.296,0.305,0.263,0.347,0.355,0.355,0.355,0.315,0.301
MIT-BIH-VE,MIT-BIH-VE_ECG_Subject607,0.494,0.239,0.259,0.279,0.294,0.294,0.304,0.304,0.304,0.304,0.304,0.296,0.305,0.263,0.347,0.355,0.355,0.355,0.315,0.301
MIT-BIH-VE,MIT-BIH-VE_ECG_Subject609,0.335,0.595,0.556,0.605,0.569,0.58,0.532,0.534,0.534,0.534,0.569,0.583,0.582,0.58,0.579,0.579,0.579,0.601,0.603,0.602
MIT-BIH-VE,MIT-BIH-VE_ECG_Subject609,0.335,0.595,0.556,0.605,0.569,0.58,0.532,0.534,0.534,0.534,0.569,0.583,0.582,0.58,0.579,0.579,0.579,0.601,0.603,0.602
MIT-BIH-VE,MIT-BIH-VE_ECG_Subject610,0.087,0.54,0.601,0.613,0.629,0.717,0.705,0.639,0.656,0.659,0.685,0.712,0.712,0.694,0.724,0.753,0.76,0.726,0.751,0.751
MIT-BIH-VE,MIT-BIH-VE_ECG_Subject610,0.087,0.54,0.601,0.613,0.629,0.717,0.705,0.639,0.656,0.659,0.685,0.712,0.712,0.694,0.724,0.753,0.76,0.726,0.751,0.751
MIT-BIH-VE,MIT-BIH-VE_ECG_Subject611,0.361,0.287,0.33,0.431,0.423,0.402,0.448,0.496,0.418,0.542,0.59,0.456,0.456,0.447,0.59,0.59,0.59,0.59,0.582,0.59
MIT-BIH-VE,MIT-BIH-VE_ECG_Subject611,0.361,0.287,0.33,0.431,0.423,0.402,0.448,0.496,0.418,0.542,0.59,0.456,0.456,0.447,0.59,0.59,0.59,0.59,0.582,0.59
MIT-BIH-VE,MIT-BIH-VE_ECG_Subject612,0.696,0.283,0.244,0.333,0.302,0.303,0.303,0.321,0.354,0.477,0.348,0.346,0.328,0.277,0.332,0.349,0.348,0.344,0.404,0.348
MIT-BIH-VE,MIT-BIH-VE_ECG_Subject612,0.696,0.283,0.244,0.333,0.302,0.303,0.303,0.321,0.354,0.477,0.348,0.346,0.328,0.277,0.332,0.349,0.348,0.344,0.404,0.348
MIT-BIH-VE,MIT-BIH-VE_ECG_Subject614,0.171,0.555,0.623,0.69,0.67,0.695,0.69,0.699,0.719,0.706,0.734,0.719,0.753,0.716,0.71,0.704,0.651,0.711,0.645,0.652
MIT-BIH-VE,MIT-BIH-VE_ECG_Subject614,0.171,0.555,0.623,0.69,0.67,0.695,0.69,0.699,0.719,0.706,0.734,0.719,0.753,0.716,0.71,0.704,0.651,0.711,0.645,0.652
MIT-BIH-VE,MIT-BIH-VE_ECG_Subject615,0.272,0.568,0.569,0.5,0.759,0.712,0.661,0.567,0.567,0.57,0.649,0.638,0.552,0.554,0.543,0.563,0.562,0.526,0.523,0.468
MIT-BIH-VE,MIT-BIH-VE_ECG_Subject615,0.272,0.568,0.569,0.5,0.759,0.712,0.661,0.567,0.567,0.57,0.649,0.638,0.552,0.554,0.543,0.563,0.562,0.526,0.523,0.468
MIT-BIH-Arr,MIT-BIH-Arr_MLII_Subject100,1.0,0.276,0.345,0.658,0.657,0.53,0.658,0.658,0.658,0.659,0.659,0.658,0.658,0.648,0.472,0.472,0.474,0.472,0.648,0.472
MIT-BIH-Arr,MIT-BIH-Arr_V5_Subject100,1.0,0.374,0.333,0.698,0.521,0.521,0.521,0.548,0.623,0.623,0.742,0.742,0.742,0.742,0.736,0.742,0.743,0.744,0.744,0.742
MIT-BIH-Arr,MIT-BIH-Arr_MLII_Subject101,1.0,0.168,0.439,0.197,0.419,0.256,0.258,0.479,0.516,0.516,0.299,0.287,0.283,0.283,0.283,0.282,0.282,0.303,0.303,0.404
MIT-BIH-Arr,MIT-BIH-Arr_V1_Subject101,1.0,0.066,0.065,0.093,0.095,0.12,0.12,0.12,0.098,0.132,0.132,0.131,0.131,0.131,0.131,0.131,0.098,0.098,0.098,0.098
MIT-BIH-Arr,MIT-BIH-Arr_V5_Subject102,0.819,0.282,0.326,0.655,0.907,0.907,0.907,0.907,0.987,0.987,0.987,0.987,0.987,0.987,0.987,0.989,0.987,0.987,0.986,0.986
MIT-BIH-Arr,MIT-BIH-Arr_V2_Subject102,0.819,0.094,0.164,0.342,0.565,0.566,0.887,0.893,0.9,0.581,0.992,0.907,0.992,0.988,0.988,0.988,0.988,0.988,0.992,0.992
MIT-BIH-Arr,MIT-BIH-Arr_MLII_Subject103,1.0,0.065,0.296,0.168,0.296,0.309,0.329,0.323,0.329,0.329,0.351,0.352,0.353,0.352,0.39,0.387,0.388,0.396,0.396,0.396
MIT-BIH-Arr,MIT-BIH-Arr_V2_Subject103,1.0,0.159,0.247,0.37,0.327,0.227,0.396,0.364,0.396,0.387,0.388,0.388,0.388,0.388,0.388,0.387,0.387,0.452,0.452,0.459
MIT-BIH-Arr,MIT-BIH-Arr_V5_Subject104,0.242,0.212,0.374,0.526,0.694,0.551,0.551,0.538,0.538,0.543,0.543,0.543,0.543,0.543,0.543,0.543,0.543,0.543,0.543,0.543
MIT-BIH-Arr,MIT-BIH-Arr_V2_Subject104,0.242,0.237,0.431,0.537,0.585,0.519,0.522,0.5,0.538,0.509,0.539,0.546,0.534,0.714,0.577,0.509,0.509,0.558,0.509,0.509
MIT-BIH-Arr,MIT-BIH-Arr_MLII_Subject105,1.0,0.119,0.153,0.201,0.253,0.31,0.275,0.351,0.351,0.306,0.306,0.426,0.15,0.274,0.292,0.426,0.292,0.292,0.292,0.426
MIT-BIH-Arr,MIT-BIH-Arr_V1_Subject105,1.0,0.074,0.084,0.152,0.164,0.164,0.264,0.264,0.275,0.275,0.151,0.275,0.276,0.377,0.374,0.374,0.374,0.37,0.37,0.37
MIT-BIH-Arr,MIT-BIH-Arr_MLII_Subject106,0.126,0.42,0.326,0.316,0.359,0.419,0.354,0.369,0.367,0.372,0.36,0.373,0.383,0.388,0.399,0.382,0.396,0.392,0.38,0.388
MIT-BIH-Arr,MIT-BIH-Arr_V1_Subject106,0.438,0.383,0.418,0.333,0.332,0.361,0.373,0.376,0.371,0.38,0.42,0.425,0.414,0.34,0.394,0.369,0.365,0.365,0.364,0.371
MIT-BIH-Arr,MIT-BIH-Arr_MLII_Subject107,1.0,0.426,0.525,0.467,0.45,0.357,0.305,0.246,0.246,0.442,0.442,0.344,0.344,0.367,0.708,0.706,0.706,0.368,0.324,0.61
MIT-BIH-Arr,MIT-BIH-Arr_V1_Subject107,1.0,0.483,0.306,0.406,0.196,0.255,0.254,0.183,0.256,0.256,0.183,0.183,0.183,0.292,0.207,0.251,0.251,0.208,0.251,0.205
MIT-BIH-Arr,MIT-BIH-Arr_MLII_Subject108,1.0,0.147,0.174,0.128,0.152,0.178,0.219,0.188,0.188,0.186,0.186,0.22,0.144,0.144,0.138,0.138,0.144,0.138,0.144,0.144
MIT-BIH-Arr,MIT-BIH-Arr_V1_Subject108,1.0,0.112,0.133,0.09,0.12,0.108,0.135,0.18,0.18,0.219,0.219,0.429,0.236,0.236,0.236,0.391,0.416,0.39,0.416,0.391
MIT-BIH-Arr,MIT-BIH-Arr_MLII_Subject109,1.0,0.132,0.522,0.521,0.267,0.274,0.267,0.267,0.267,0.267,0.267,0.267,0.285,0.286,0.285,0.285,0.286,0.319,0.318,0.604
MIT-BIH-Arr,MIT-BIH-Arr_V1_Subject109,1.0,0.046,0.177,0.084,0.214,0.283,0.283,0.218,0.183,0.182,0.28,0.28,0.278,0.332,0.322,0.301,0.3,0.323,0.321,0.317
MIT-BIH-Arr,MIT-BIH-Arr_MLII_Subject111,1.0,0.046,0.095,0.154,0.154,0.14,0.233,0.233,0.233,0.276,0.276,0.332,0.22,0.173,0.22,0.173,0.198,0.37,0.197,0.242
MIT-BIH-Arr,MIT-BIH-Arr_V1_Subject111,1.0,0.085,0.243,0.19,0.26,0.218,0.218,0.351,0.351,0.289,0.289,0.395,0.289,0.239,0.606,0.5,0.449,0.449,0.449,0.449
MIT-BIH-Arr,MIT-BIH-Arr_MLII_Subject112,1.0,0.18,0.17,0.197,0.239,0.27,0.228,0.228,0.593,0.389,0.388,0.614,0.388,0.388,0.388,0.388,0.388,0.388,0.449,0.403
MIT-BIH-Arr,MIT-BIH-Arr_V1_Subject112,1.0,0.065,0.137,0.106,0.195,0.195,0.195,0.195,0.465,0.272,0.272,0.465,0.272,0.465,0.465,0.605,0.423,0.332,0.332,0.465
MIT-BIH-Arr,MIT-BIH-Arr_MLII_Subject113,1.0,0.221,0.214,0.284,0.284,0.291,0.441,0.548,0.54,0.54,0.612,0.892,0.892,0.899,0.899,0.902,0.902,0.902,0.999,0.999
MIT-BIH-Arr,MIT-BIH-Arr_V1_Subject113,1.0,0.061,0.047,0.067,0.084,0.279,0.282,0.341,0.342,0.184,0.321,0.343,0.343,0.343,0.526,0.761,0.669,0.764,0.764,0.764
MIT-BIH-Arr,MIT-BIH-Arr_V5_Subject114,0.522,0.232,0.405,0.38,0.434,0.434,0.401,0.452,0.291,0.435,0.488,0.327,0.488,0.538,0.478,0.393,0.394,0.391,0.394,0.535
MIT-BIH-Arr,MIT-BIH-Arr_MLII_Subject114,0.522,0.424,0.47,0.342,0.324,0.337,0.354,0.434,0.434,0.527,0.302,0.293,0.294,0.477,0.581,0.538,0.539,0.522,0.511,0.51
MIT-BIH-Arr,MIT-BIH-Arr_MLII_Subject115,1.0,0.084,0.089,0.198,0.173,0.263,0.291,0.504,0.575,0.575,0.576,0.594,0.594,0.594,0.594,0.594,0.633,0.714,0.724,0.632
MIT-BIH-Arr,MIT-BIH-Arr_V1_Subject115,1.0,0.115,0.096,0.123,0.148,0.26,0.405,0.308,0.405,0.713,0.631,0.713,0.713,0.713,0.719,0.719,0.719,0.719,0.719,0.719
MIT-BIH-Arr,MIT-BIH-Arr_MLII_Subject116,1.0,0.128,0.193,0.106,0.157,0.12,0.193,0.193,0.193,0.283,0.283,0.313,0.318,0.318,0.318,0.318,0.559,0.749,0.749,0.749
MIT-BIH-Arr,MIT-BIH-Arr_V1_Subject116,1.0,0.066,0.106,0.209,0.248,0.33,0.416,0.415,0.416,0.416,0.416,0.407,0.751,0.558,0.558,0.558,0.558,0.558,0.558,0.558
MIT-BIH-Arr,MIT-BIH-Arr_MLII_Subject117,1.0,0.32,0.318,0.594,0.575,0.575,0.596,0.596,0.584,0.576,0.596,0.596,0.596,0.596,0.596,0.596,0.596,0.596,0.596,0.585
MIT-BIH-Arr,MIT-BIH-Arr_V2_Subject117,1.0,0.585,0.343,0.598,0.598,0.576,0.598,0.598,0.598,0.598,0.598,0.598,0.598,0.598,0.598,0.598,0.597,0.597,0.597,0.602
MIT-BIH-Arr,MIT-BIH-Arr_MLII_Subject118,1.0,0.143,0.095,0.119,0.224,0.222,0.262,0.306,0.197,0.197,0.109,0.103,0.169,0.273,0.367,0.238,0.206,0.206,0.241,0.241
MIT-BIH-Arr,MIT-BIH-Arr_V1_Subject118,1.0,0.136,0.117,0.137,0.163,0.265,0.174,0.198,0.197,0.212,0.212,0.212,0.212,0.212,0.212,0.212,0.212,0.212,0.237,0.237
MIT-BIH-Arr,MIT-BIH-Arr_MLII_Subject119,0.029,0.448,0.448,0.457,0.473,0.44,0.407,0.391,0.405,0.347,0.339,0.336,0.354,0.302,0.329,0.318,0.309,0.279,0.283,0.305
MIT-BIH-Arr,MIT-BIH-Arr_V1_Subject119,0.029,0.299,0.334,0.329,0.302,0.295,0.325,0.275,0.237,0.185,0.176,0.175,0.171,0.147,0.146,0.143,0.143,0.164,0.164,0.15
MIT-BIH-Arr,MIT-BIH-Arr_MLII_Subject121,1.0,0.095,0.109,0.14,0.141,0.224,0.201,0.388,0.405,0.405,0.405,0.405,0.405,0.404,0.403,0.426,0.427,0.427,0.294,0.688
MIT-BIH-Arr,MIT-BIH-Arr_V1_Subject121,1.0,0.093,0.093,0.097,0.093,0.115,0.15,0.15,0.204,0.329,0.333,0.334,0.357,0.559,0.559,0.559,0.559,0.559,0.559,0.68
MIT-BIH-Arr,MIT-BIH-Arr_MLII_Subject122,1.0,0.165,0.39,0.381,0.287,0.379,0.289,0.288,0.378,0.377,0.365,0.364,0.353,0.242,0.18,0.242,0.353,0.353,0.274,0.276
MIT-BIH-Arr,MIT-BIH-Arr_V1_Subject122,0.125,0.23,0.248,0.823,0.823,0.823,0.823,0.621,0.621,0.581,0.379,0.379,0.379,0.379,0.744,0.744,0.744,0.744,0.744,1.0
MIT-BIH-Arr,MIT-BIH-Arr_MLII_Subject123,1.0,0.618,0.283,0.186,0.155,0.288,0.326,0.727,0.727,0.999,0.999,0.999,0.999,0.999,0.999,0.999,0.999,0.999,0.999,0.999
MIT-BIH-Arr,MIT-BIH-Arr_V5_Subject123,1.0,0.282,0.352,0.278,0.343,0.326,0.459,0.746,0.747,0.64,0.64,0.747,0.747,0.747,0.747,0.747,0.747,0.747,0.747,0.747
MIT-BIH-Arr,MIT-BIH-Arr_MLII_Subject124,0.184,0.534,0.48,0.624,0.63,0.656,0.509,0.59,0.586,0.648,0.59,0.619,0.55,0.604,0.554,0.608,0.602,0.591,0.63,0.631
MIT-BIH-Arr,MIT-BIH-Arr_V4_Subject124,0.184,0.703,0.6,0.781,0.714,0.825,0.791,0.777,0.787,0.787,0.777,0.777,0.632,0.632,0.631,0.631,0.632,0.632,0.632,0.632
MIT-BIH-Arr,MIT-BIH-Arr_MLII_Subject200,0.022,0.402,0.374,0.385,0.351,0.333,0.287,0.322,0.282,0.248,0.238,0.225,0.204,0.208,0.22,0.223,0.195,0.215,0.173,0.23
MIT-BIH-Arr,MIT-BIH-Arr_V1_Subject200,0.022,0.29,0.297,0.296,0.274,0.275,0.253,0.234,0.241,0.243,0.263,0.268,0.275,0.218,0.24,0.218,0.195,0.186,0.175,0.202
MIT-BIH-Arr,MIT-BIH-Arr_MLII_Subject201,0.09,0.403,0.503,0.51,0.511,0.537,0.537,0.513,0.446,0.446,0.445,0.452,0.452,0.452,0.452,0.497,0.496,0.496,0.496,0.496
MIT-BIH-Arr,MIT-BIH-Arr_V1_Subject201,0.09,0.354,0.5,0.429,0.429,0.439,0.496,0.439,0.45,0.439,0.439,0.454,0.454,0.454,0.456,0.451,0.456,0.456,0.451,0.451
MIT-BIH-Arr,MIT-BIH-Arr_MLII_Subject202,0.437,0.411,0.642,0.582,0.554,0.439,0.715,0.726,0.726,0.727,0.719,0.72,0.725,0.72,0.725,0.724,0.724,0.724,0.724,0.65
MIT-BIH-Arr,MIT-BIH-Arr_V1_Subject202,0.437,0.46,0.444,0.454,0.41,0.412,0.533,0.532,0.624,0.574,0.669,0.671,0.669,0.67,0.67,0.671,0.671,0.67,0.672,0.669
MIT-BIH-Arr,MIT-BIH-Arr_MLII_Subject203,0.091,0.455,0.572,0.505,0.597,0.511,0.566,0.51,0.509,0.442,0.404,0.413,0.389,0.42,0.34,0.365,0.332,0.307,0.374,0.315
MIT-BIH-Arr,MIT-BIH-Arr_V1_Subject203,0.408,0.596,0.36,0.3,0.218,0.331,0.219,0.236,0.236,0.136,0.223,0.155,0.156,0.204,0.213,0.213,0.214,0.228,0.156,0.156
MIT-BIH-Arr,MIT-BIH-Arr_MLII_Subject205,0.265,0.234,0.386,0.585,0.572,0.669,0.674,0.862,0.862,0.859,0.61,0.787,0.787,0.787,0.787,0.787,0.801,0.851,0.85,0.85
MIT-BIH-Arr,MIT-BIH-Arr_V1_Subject205,0.265,0.328,0.443,0.405,0.596,0.811,0.784,0.71,0.855,0.856,0.858,0.822,0.795,0.652,0.648,0.708,0.793,0.789,0.704,0.688
MIT-BIH-Arr,MIT-BIH-Arr_MLII_Subject207,0.493,0.443,0.44,0.378,0.427,0.493,0.333,0.277,0.268,0.281,0.361,0.346,0.349,0.31,0.329,0.312,0.319,0.325,0.432,0.399
MIT-BIH-Arr,MIT-BIH-Arr_V1_Subject207,0.493,0.382,0.474,0.457,0.451,0.455,0.453,0.468,0.42,0.431,0.417,0.402,0.391,0.439,0.441,0.399,0.469,0.436,0.675,0.768
MIT-BIH-Arr,MIT-BIH-Arr_MLII_Subject208,0.104,0.369,0.34,0.271,0.334,0.323,0.3,0.305,0.33,0.344,0.318,0.269,0.323,0.324,0.345,0.315,0.296,0.342,0.326,0.322
MIT-BIH-Arr,MIT-BIH-Arr_V1_Subject208,0.104,0.344,0.369,0.359,0.335,0.319,0.257,0.271,0.27,0.259,0.259,0.268,0.258,0.267,0.303,0.304,0.357,0.33,0.31,0.32
MIT-BIH-Arr,MIT-BIH-Arr_MLII_Subject209,0.211,0.422,0.678,0.639,0.635,0.571,0.766,0.727,0.616,0.62,0.662,0.708,0.734,0.754,0.71,0.7,0.703,0.697,0.676,0.624
MIT-BIH-Arr,MIT-BIH-Arr_V1_Subject209,0.34,0.459,0.671,0.566,0.512,0.515,0.613,0.613,0.564,0.535,0.64,0.63,0.64,0.55,0.613,0.537,0.519,0.506,0.506,0.506
MIT-BIH-Arr,MIT-BIH-Arr_MLII_Subject210,0.214,0.31,0.387,0.495,0.437,0.556,0.434,0.433,0.596,0.605,0.59,0.603,0.593,0.592,0.593,0.593,0.593,0.572,0.572,0.572
MIT-BIH-Arr,MIT-BIH-Arr_V1_Subject210,0.214,0.263,0.32,0.299,0.369,0.4,0.423,0.497,0.486,0.419,0.421,0.42,0.214,0.214,0.214,0.214,0.214,0.214,0.214,0.214
MIT-BIH-Arr,MIT-BIH-Arr_MLII_Subject212,1.0,0.096,0.095,0.093,0.101,0.101,0.102,0.101,0.101,0.101,0.101,0.101,0.101,0.101,0.101,0.101,0.101,0.101,0.101,0.101
MIT-BIH-Arr,MIT-BIH-Arr_V1_Subject212,1.0,0.029,0.076,0.064,0.101,0.1,0.1,0.1,0.1,0.1,0.1,0.1,0.1,0.1,0.1,0.1,0.1,0.1,0.1,0.1
MIT-BIH-Arr,MIT-BIH-Arr_MLII_Subject213,0.671,0.634,0.495,0.419,0.359,0.249,0.292,0.299,0.299,0.241,0.386,0.306,0.307,0.307,0.207,0.262,0.207,0.207,0.202,0.297
MIT-BIH-Arr,MIT-BIH-Arr_V1_Subject213,0.091,0.579,0.666,0.563,0.427,0.531,0.445,0.411,0.623,0.477,0.558,0.542,0.549,0.549,0.442,0.442,0.442,0.442,0.442,0.443
MIT-BIH-Arr,MIT-BIH-Arr_MLII_Subject214,0.106,0.351,0.367,0.482,0.42,0.435,0.364,0.435,0.429,0.431,0.459,0.485,0.454,0.529,0.565,0.553,0.545,0.579,0.508,0.487
MIT-BIH-Arr,MIT-BIH-Arr_V1_Subject214,0.106,0.288,0.392,0.438,0.473,0.483,0.552,0.511,0.54,0.468,0.518,0.506,0.42,0.434,0.439,0.434,0.434,0.427,0.424,0.365
MIT-BIH-Arr,MIT-BIH-Arr_MLII_Subject215,0.148,0.073,0.265,0.291,0.371,0.452,0.434,0.386,0.351,0.417,0.527,0.567,0.567,0.619,0.567,0.597,0.61,0.595,0.526,0.526
MIT-BIH-Arr,MIT-BIH-Arr_V1_Subject215,0.449,0.08,0.077,0.109,0.194,0.214,0.28,0.291,0.357,0.434,0.479,0.572,0.526,0.416,0.543,0.543,0.543,0.73,0.623,0.73
MIT-BIH-Arr,MIT-BIH-Arr_MLII_Subject217,0.077,0.482,0.525,0.539,0.597,0.57,0.565,0.509,0.55,0.551,0.553,0.64,0.59,0.526,0.523,0.526,0.55,0.55,0.526,0.527
MIT-BIH-Arr,MIT-BIH-Arr_V1_Subject217,0.077,0.401,0.5,0.485,0.563,0.532,0.57,0.536,0.528,0.519,0.529,0.477,0.4,0.362,0.355,0.308,0.308,0.329,0.307,0.286
MIT-BIH-Arr,MIT-BIH-Arr_MLII_Subject219,0.159,0.378,0.449,0.471,0.547,0.596,0.598,0.585,0.593,0.588,0.588,0.588,0.607,0.618,0.6,0.773,0.774,0.694,0.654,0.654
MIT-BIH-Arr,MIT-BIH-Arr_V1_Subject219,0.159,0.28,0.372,0.417,0.48,0.457,0.516,0.491,0.542,0.571,0.571,0.533,0.52,0.674,0.693,0.693,0.693,0.655,0.656,0.716
MIT-BIH-Arr,MIT-BIH-Arr_MLII_Subject220,0.269,0.322,0.556,0.631,0.609,0.706,0.729,0.707,0.634,0.676,0.706,0.714,0.54,0.698,0.702,0.494,0.499,0.499,0.412,0.408
MIT-BIH-Arr,MIT-BIH-Arr_V1_Subject220,0.269,0.409,0.462,0.374,0.424,0.309,0.415,0.537,0.395,0.269,0.269,0.269,0.269,0.269,0.269,0.269,0.269,0.269,0.269,0.269
MIT-BIH-Arr,MIT-BIH-Arr_MLII_Subject221,0.238,0.361,0.428,0.206,0.294,0.238,0.238,0.238,0.238,0.238,0.238,0.238,0.238,0.238,0.238,0.238,0.238,0.238,0.222,0.379
MIT-BIH-Arr,MIT-BIH-Arr_V1_Subject221,0.238,0.414,0.424,0.408,0.327,0.408,0.254,0.235,0.24,0.238,0.238,0.238,0.238,0.238,0.238,0.304,0.304,0.304,0.304,0.238
MIT-BIH-Arr,MIT-BIH-Arr_MLII_Subject222,0.103,0.624,0.583,0.577,0.527,0.496,0.484,0.423,0.449,0.422,0.432,0.453,0.452,0.447,0.447,0.391,0.362,0.416,0.364,0.365
MIT-BIH-Arr,MIT-BIH-Arr_V1_Subject222,0.103,0.49,0.511,0.411,0.502,0.432,0.414,0.408,0.517,0.514,0.52,0.52,0.503,0.466,0.479,0.468,0.455,0.516,0.505,0.455
MIT-BIH-Arr,MIT-BIH-Arr_MLII_Subject223,0.104,0.533,0.506,0.571,0.654,0.624,0.691,0.675,0.666,0.714,0.678,0.704,0.727,0.756,0.707,0.708,0.787,0.7,0.707,0.69
MIT-BIH-Arr,MIT-BIH-Arr_V1_Subject223,0.104,0.478,0.545,0.541,0.626,0.647,0.657,0.694,0.753,0.736,0.724,0.699,0.711,0.711,0.701,0.692,0.692,0.673,0.706,0.651
MIT-BIH-Arr,MIT-BIH-Arr_MLII_Subject228,0.07,0.324,0.321,0.28,0.336,0.43,0.587,0.595,0.622,0.624,0.605,0.591,0.613,0.61,0.573,0.5,0.519,0.598,0.504,0.498
MIT-BIH-Arr,MIT-BIH-Arr_V1_Subject228,0.07,0.444,0.52,0.562,0.519,0.557,0.608,0.642,0.635,0.6,0.642,0.617,0.642,0.604,0.601,0.581,0.587,0.576,0.618,0.583
MIT-BIH-Arr,MIT-BIH-Arr_MLII_Subject230,0.027,0.612,0.666,0.605,0.589,0.579,0.61,0.66,0.574,0.584,0.53,0.479,0.481,0.449,0.426,0.426,0.426,0.426,0.426,0.426
MIT-BIH-Arr,MIT-BIH-Arr_V1_Subject230,0.027,0.603,0.61,0.632,0.609,0.588,0.653,0.632,0.572,0.597,0.574,0.551,0.491,0.511,0.487,0.487,0.469,0.473,0.478,0.474
MIT-BIH-Arr,MIT-BIH-Arr_MLII_Subject231,0.128,0.652,0.683,0.735,0.93,0.954,0.979,0.974,0.979,0.945,0.974,0.947,0.93,0.944,0.943,0.927,0.927,0.944,0.919,0.902
MIT-BIH-Arr,MIT-BIH-Arr_V1_Subject231,0.128,0.669,0.891,0.766,0.917,0.892,0.899,0.94,0.939,0.941,0.976,0.955,0.951,0.952,0.976,0.976,0.973,0.975,0.975,0.979
MIT-BIH-Arr,MIT-BIH-Arr_MLII_Subject232,1.0,0.068,0.115,0.202,0.118,0.118,0.159,0.201,0.274,0.274,0.572,0.558,0.572,0.572,0.572,0.507,0.507,0.619,0.507,0.508
MIT-BIH-Arr,MIT-BIH-Arr_V1_Subject232,1.0,0.077,0.072,0.095,0.117,0.115,0.17,0.27,0.358,0.358,0.358,0.374,0.508,0.374,0.341,0.341,0.319,0.319,0.397,0.397
MIT-BIH-Arr,MIT-BIH-Arr_MLII_Subject233,0.064,0.42,0.38,0.433,0.443,0.419,0.374,0.384,0.428,0.356,0.365,0.299,0.299,0.292,0.284,0.249,0.314,0.293,0.282,0.231
MIT-BIH-Arr,MIT-BIH-Arr_V1_Subject233,0.064,0.433,0.506,0.369,0.382,0.474,0.445,0.429,0.321,0.284,0.28,0.269,0.231,0.21,0.23,0.23,0.231,0.231,0.231,0.243
MIT-BIH-Arr,MIT-BIH-Arr_MLII_Subject234,0.487,0.21,0.324,0.377,0.341,0.365,0.489,0.484,0.485,0.485,0.495,0.495,0.496,0.496,0.392,0.496,0.408,0.433,0.433,0.433
MIT-BIH-Arr,MIT-BIH-Arr_V1_Subject234,0.487,0.195,0.296,0.282,0.295,0.317,0.317,0.414,0.56,0.556,0.552,0.553,0.495,0.427,0.42,0.656,0.656,0.656,0.656,0.656
SleepDB,SleepDB_SubjectST7011J0-PSG_EEG_Fpz-Cz,0.363,0.418,0.432,0.447,0.413,0.425,0.411,0.404,0.393,0.411,0.386,0.366,0.353,0.363,0.326,0.322,0.311,0.338,0.322,0.323
SleepDB,SleepDB_SubjectST7011J0-PSG_EEG_Pz-Oz,0.35,0.437,0.448,0.445,0.48,0.455,0.428,0.407,0.419,0.387,0.399,0.372,0.349,0.333,0.321,0.342,0.319,0.329,0.334,0.317
SleepDB,SleepDB_SubjectST7011J0-PSG_EOG_horizontal,0.348,0.425,0.415,0.44,0.434,0.435,0.429,0.42,0.416,0.416,0.4,0.387,0.389,0.406,0.371,0.346,0.354,0.353,0.356,0.356
SleepDB,SleepDB_SubjectST7011J0-PSG_EMG_submental,0.439,0.427,0.441,0.446,0.47,0.446,0.45,0.445,0.448,0.435,0.434,0.414,0.417,0.398,0.38,0.385,0.366,0.364,0.346,0.341
SleepDB,SleepDB_SubjectST7022J0-PSG_EEG_Fpz-Cz,0.03,0.417,0.467,0.465,0.492,0.462,0.441,0.485,0.501,0.523,0.453,0.444,0.444,0.402,0.392,0.359,0.435,0.406,0.372,0.35
SleepDB,SleepDB_SubjectST7022J0-PSG_EEG_Pz-Oz,0.03,0.45,0.413,0.479,0.472,0.486,0.485,0.473,0.401,0.392,0.391,0.382,0.374,0.367,0.354,0.353,0.378,0.379,0.379,0.378
SleepDB,SleepDB_SubjectST7022J0-PSG_EOG_horizontal,0.03,0.392,0.383,0.416,0.436,0.453,0.422,0.452,0.422,0.453,0.497,0.478,0.474,0.449,0.467,0.478,0.458,0.423,0.435,0.457
SleepDB,SleepDB_SubjectST7022J0-PSG_EMG_submental,0.03,0.431,0.422,0.447,0.461,0.407,0.401,0.406,0.37,0.382,0.4,0.399,0.413,0.413,0.405,0.38,0.39,0.386,0.368,0.378
SleepDB,SleepDB_SubjectST7041J0-PSG_EEG_Fpz-Cz,0.213,0.252,0.313,0.303,0.284,0.329,0.344,0.37,0.387,0.37,0.329,0.352,0.367,0.399,0.383,0.376,0.355,0.335,0.346,0.376
SleepDB,SleepDB_SubjectST7041J0-PSG_EEG_Pz-Oz,0.223,0.264,0.338,0.392,0.392,0.413,0.373,0.387,0.433,0.426,0.418,0.456,0.452,0.43,0.436,0.418,0.423,0.361,0.396,0.372
SleepDB,SleepDB_SubjectST7041J0-PSG_EOG_horizontal,0.223,0.28,0.293,0.304,0.318,0.315,0.328,0.358,0.392,0.407,0.391,0.403,0.421,0.426,0.42,0.388,0.373,0.394,0.368,0.374
SleepDB,SleepDB_SubjectST7041J0-PSG_EMG_submental,0.304,0.363,0.309,0.349,0.304,0.354,0.328,0.33,0.347,0.366,0.401,0.384,0.391,0.408,0.419,0.398,0.396,0.441,0.438,0.419
SleepDB,SleepDB_SubjectST7052J0-PSG_EEG_Fpz-Cz,0.237,0.363,0.396,0.381,0.455,0.442,0.401,0.34,0.407,0.414,0.453,0.463,0.411,0.453,0.434,0.413,0.428,0.432,0.421,0.407
SleepDB,SleepDB_SubjectST7052J0-PSG_EEG_Pz-Oz,0.283,0.393,0.435,0.413,0.45,0.459,0.465,0.491,0.48,0.458,0.452,0.451,0.412,0.424,0.427,0.408,0.366,0.413,0.406,0.422
SleepDB,SleepDB_SubjectST7052J0-PSG_EOG_horizontal,0.215,0.305,0.315,0.342,0.347,0.363,0.372,0.359,0.383,0.403,0.422,0.438,0.43,0.44,0.473,0.444,0.424,0.399,0.379,0.391
SleepDB,SleepDB_SubjectST7052J0-PSG_EMG_submental,0.423,0.399,0.385,0.39,0.406,0.411,0.409,0.427,0.39,0.387,0.385,0.407,0.366,0.396,0.424,0.424,0.417,0.399,0.403,0.419
SleepDB,SleepDB_SubjectST7061J0-PSG_EEG_Fpz-Cz,0.18,0.319,0.349,0.413,0.428,0.407,0.38,0.423,0.456,0.452,0.508,0.496,0.448,0.469,0.455,0.418,0.441,0.448,0.457,0.4
SleepDB,SleepDB_SubjectST7061J0-PSG_EEG_Pz-Oz,0.203,0.362,0.364,0.379,0.388,0.406,0.419,0.442,0.481,0.436,0.422,0.414,0.42,0.439,0.437,0.378,0.455,0.456,0.418,0.435
SleepDB,SleepDB_SubjectST7061J0-PSG_EOG_horizontal,0.178,0.269,0.327,0.369,0.407,0.367,0.371,0.361,0.402,0.484,0.474,0.429,0.407,0.415,0.417,0.416,0.436,0.405,0.417,0.408
SleepDB,SleepDB_SubjectST7061J0-PSG_EMG_submental,0.258,0.363,0.35,0.374,0.347,0.344,0.355,0.367,0.344,0.378,0.361,0.408,0.392,0.397,0.412,0.422,0.435,0.428,0.436,0.433
SleepDB,SleepDB_SubjectST7071J0-PSG_EEG_Fpz-Cz,0.33,0.359,0.381,0.37,0.391,0.373,0.365,0.369,0.337,0.345,0.354,0.345,0.348,0.4,0.39,0.374,0.391,0.347,0.284,0.349
SleepDB,SleepDB_SubjectST7071J0-PSG_EEG_Pz-Oz,0.32,0.35,0.377,0.4,0.399,0.406,0.382,0.366,0.377,0.344,0.335,0.36,0.368,0.381,0.369,0.38,0.359,0.338,0.368,0.331
SleepDB,SleepDB_SubjectST7071J0-PSG_EOG_horizontal,0.302,0.373,0.394,0.396,0.423,0.448,0.414,0.385,0.402,0.39,0.415,0.41,0.43,0.41,0.382,0.389,0.369,0.397,0.418,0.35
SleepDB,SleepDB_SubjectST7071J0-PSG_EMG_submental,0.374,0.36,0.343,0.333,0.319,0.291,0.336,0.367,0.338,0.322,0.35,0.333,0.326,0.304,0.323,0.336,0.324,0.337,0.346,0.394
SleepDB,SleepDB_SubjectST7082J0-PSG_EEG_Fpz-Cz,0.268,0.383,0.394,0.437,0.444,0.441,0.438,0.435,0.425,0.403,0.396,0.386,0.377,0.345,0.322,0.341,0.341,0.341,0.369,0.355
SleepDB,SleepDB_SubjectST7082J0-PSG_EEG_Pz-Oz,0.285,0.399,0.397,0.39,0.389,0.46,0.514,0.444,0.445,0.395,0.411,0.422,0.425,0.393,0.416,0.432,0.431,0.412,0.41,0.348
SleepDB,SleepDB_SubjectST7082J0-PSG_EOG_horizontal,0.264,0.381,0.383,0.392,0.387,0.403,0.403,0.404,0.401,0.377,0.378,0.39,0.354,0.363,0.351,0.368,0.346,0.326,0.332,0.338
SleepDB,SleepDB_SubjectST7082J0-PSG_EMG_submental,0.324,0.313,0.348,0.342,0.388,0.375,0.407,0.364,0.369,0.408,0.416,0.408,0.422,0.431,0.437,0.437,0.422,0.422,0.395,0.383
SleepDB,SleepDB_SubjectST7092J0-PSG_EEG_Fpz-Cz,0.022,0.425,0.38,0.424,0.412,0.421,0.412,0.369,0.37,0.376,0.35,0.336,0.339,0.35,0.331,0.328,0.303,0.297,0.298,0.297
SleepDB,SleepDB_SubjectST7092J0-PSG_EEG_Pz-Oz,0.022,0.406,0.432,0.415,0.417,0.467,0.424,0.418,0.425,0.425,0.401,0.394,0.374,0.379,0.324,0.355,0.318,0.308,0.298,0.309
SleepDB,SleepDB_SubjectST7092J0-PSG_EOG_horizontal,0.022,0.366,0.375,0.345,0.341,0.39,0.358,0.348,0.337,0.31,0.318,0.3,0.282,0.298,0.3,0.334,0.377,0.335,0.351,0.322
SleepDB,SleepDB_SubjectST7092J0-PSG_EMG_submental,0.022,0.39,0.399,0.359,0.369,0.345,0.36,0.37,0.35,0.343,0.363,0.349,0.337,0.312,0.324,0.311,0.353,0.353,0.36,0.35
SleepDB,SleepDB_SubjectST7101J0-PSG_EEG_Fpz-Cz,0.025,0.374,0.411,0.41,0.414,0.384,0.39,0.392,0.338,0.365,0.433,0.393,0.349,0.321,0.342,0.333,0.289,0.294,0.266,0.262
SleepDB,SleepDB_SubjectST7101J0-PSG_EEG_Pz-Oz,0.025,0.408,0.396,0.422,0.418,0.371,0.404,0.375,0.364,0.34,0.372,0.348,0.388,0.401,0.373,0.389,0.369,0.328,0.312,0.312
SleepDB,SleepDB_SubjectST7101J0-PSG_EOG_horizontal,0.025,0.33,0.352,0.359,0.372,0.37,0.365,0.392,0.405,0.41,0.426,0.392,0.402,0.427,0.414,0.428,0.376,0.357,0.361,0.367
SleepDB,SleepDB_SubjectST7101J0-PSG_EMG_submental,0.025,0.416,0.432,0.409,0.387,0.387,0.4,0.385,0.352,0.323,0.345,0.355,0.358,0.351,0.359,0.363,0.352,0.331,0.315,0.32
SleepDB,SleepDB_SubjectST7112J0-PSG_EEG_Fpz-Cz,0.036,0.331,0.359,0.353,0.367,0.373,0.402,0.367,0.389,0.388,0.375,0.39,0.399,0.408,0.412,0.385,0.361,0.328,0.325,0.311
SleepDB,SleepDB_SubjectST7112J0-PSG_EEG_Pz-Oz,0.036,0.369,0.356,0.385,0.39,0.396,0.385,0.427,0.418,0.437,0.456,0.465,0.448,0.396,0.381,0.411,0.435,0.43,0.456,0.436
SleepDB,SleepDB_SubjectST7112J0-PSG_EOG_horizontal,0.036,0.332,0.311,0.378,0.384,0.416,0.422,0.422,0.365,0.397,0.402,0.385,0.323,0.336,0.346,0.356,0.451,0.404,0.447,0.434
SleepDB,SleepDB_SubjectST7112J0-PSG_EMG_submental,0.036,0.369,0.36,0.388,0.389,0.39,0.444,0.449,0.413,0.442,0.459,0.392,0.367,0.386,0.435,0.442,0.429,0.427,0.402,0.393
SleepDB,SleepDB_SubjectST7121J0-PSG_EEG_Fpz-Cz,0.03,0.356,0.359,0.355,0.344,0.365,0.35,0.351,0.354,0.426,0.407,0.359,0.379,0.361,0.369,0.361,0.328,0.314,0.312,0.333
SleepDB,SleepDB_SubjectST7121J0-PSG_EEG_Pz-Oz,0.03,0.345,0.367,0.403,0.41,0.416,0.397,0.38,0.358,0.391,0.392,0.357,0.357,0.339,0.332,0.327,0.324,0.313,0.338,0.298
SleepDB,SleepDB_SubjectST7121J0-PSG_EOG_horizontal,0.03,0.287,0.314,0.313,0.332,0.325,0.331,0.349,0.337,0.345,0.359,0.328,0.294,0.299,0.28,0.29,0.292,0.293,0.282,0.283
SleepDB,SleepDB_SubjectST7121J0-PSG_EMG_submental,0.03,0.325,0.401,0.385,0.367,0.382,0.362,0.35,0.369,0.349,0.342,0.31,0.302,0.285,0.319,0.316,0.321,0.332,0.322,0.331
SleepDB,SleepDB_SubjectST7132J0-PSG_EEG_Fpz-Cz,0.27,0.37,0.376,0.389,0.373,0.404,0.386,0.385,0.413,0.392,0.401,0.413,0.412,0.395,0.363,0.317,0.332,0.348,0.344,0.328
SleepDB,SleepDB_SubjectST7132J0-PSG_EEG_Pz-Oz,0.278,0.423,0.405,0.42,0.383,0.404,0.421,0.419,0.403,0.409,0.39,0.361,0.358,0.346,0.34,0.355,0.347,0.343,0.328,0.382
SleepDB,SleepDB_SubjectST7132J0-PSG_EOG_horizontal,0.26,0.311,0.34,0.355,0.387,0.353,0.36,0.36,0.364,0.38,0.377,0.351,0.347,0.36,0.346,0.355,0.344,0.35,0.365,0.354
SleepDB,SleepDB_SubjectST7132J0-PSG_EMG_submental,0.366,0.339,0.35,0.394,0.402,0.429,0.402,0.411,0.386,0.347,0.322,0.355,0.378,0.365,0.411,0.399,0.418,0.436,0.401,0.377
SleepDB,SleepDB_SubjectST7141J0-PSG_EEG_Fpz-Cz,0.256,0.297,0.33,0.337,0.357,0.374,0.349,0.351,0.392,0.388,0.352,0.355,0.325,0.327,0.323,0.321,0.331,0.328,0.319,0.287
SleepDB,SleepDB_SubjectST7141J0-PSG_EEG_Pz-Oz,0.285,0.308,0.402,0.381,0.405,0.364,0.374,0.377,0.37,0.405,0.383,0.385,0.372,0.357,0.365,0.332,0.326,0.325,0.289,0.307
SleepDB,SleepDB_SubjectST7141J0-PSG_EOG_horizontal,0.262,0.311,0.322,0.361,0.374,0.329,0.321,0.337,0.35,0.334,0.333,0.316,0.311,0.341,0.313,0.35,0.348,0.371,0.368,0.336
SleepDB,SleepDB_SubjectST7141J0-PSG_EMG_submental,0.366,0.363,0.344,0.303,0.343,0.34,0.314,0.359,0.365,0.343,0.354,0.344,0.366,0.351,0.357,0.378,0.355,0.367,0.351,0.331
SleepDB,SleepDB_SubjectST7151J0-PSG_EEG_Fpz-Cz,0.43,0.515,0.511,0.513,0.499,0.476,0.52,0.549,0.542,0.544,0.526,0.515,0.503,0.493,0.486,0.494,0.485,0.475,0.447,0.446
SleepDB,SleepDB_SubjectST7151J0-PSG_EEG_Pz-Oz,0.456,0.509,0.516,0.509,0.493,0.486,0.525,0.466,0.463,0.447,0.423,0.459,0.426,0.427,0.422,0.422,0.411,0.426,0.438,0.456
SleepDB,SleepDB_SubjectST7151J0-PSG_EOG_horizontal,0.42,0.488,0.505,0.506,0.502,0.496,0.465,0.472,0.474,0.48,0.473,0.47,0.459,0.455,0.425,0.454,0.444,0.421,0.427,0.434
SleepDB,SleepDB_SubjectST7151J0-PSG_EMG_submental,0.441,0.469,0.5,0.531,0.54,0.486,0.476,0.455,0.496,0.47,0.46,0.475,0.477,0.466,0.464,0.463,0.449,0.456,0.46,0.441
SleepDB,SleepDB_SubjectST7162J0-PSG_EEG_Fpz-Cz,0.016,0.379,0.384,0.428,0.444,0.437,0.42,0.373,0.36,0.353,0.309,0.279,0.266,0.241,0.225,0.232,0.228,0.23,0.213,0.197
SleepDB,SleepDB_SubjectST7162J0-PSG_EEG_Pz-Oz,0.016,0.377,0.41,0.457,0.45,0.413,0.38,0.393,0.378,0.366,0.342,0.328,0.314,0.296,0.287,0.25,0.266,0.275,0.277,0.282
SleepDB,SleepDB_SubjectST7162J0-PSG_EOG_horizontal,0.016,0.369,0.382,0.427,0.433,0.417,0.422,0.371,0.379,0.373,0.395,0.383,0.359,0.349,0.339,0.315,0.273,0.266,0.233,0.263
SleepDB,SleepDB_SubjectST7162J0-PSG_EMG_submental,0.016,0.417,0.407,0.435,0.428,0.411,0.422,0.417,0.428,0.406,0.385,0.396,0.377,0.374,0.362,0.369,0.375,0.344,0.363,0.389
SleepDB,SleepDB_SubjectST7171J0-PSG_EEG_Fpz-Cz,0.292,0.331,0.374,0.36,0.361,0.324,0.323,0.339,0.319,0.276,0.27,0.268,0.296,0.277,0.258,0.269,0.274,0.245,0.24,0.236
SleepDB,SleepDB_SubjectST7171J0-PSG_EEG_Pz-Oz,0.298,0.359,0.388,0.355,0.384,0.374,0.345,0.341,0.319,0.331,0.312,0.274,0.352,0.351,0.296,0.277,0.303,0.23,0.228,0.236
SleepDB,SleepDB_SubjectST7171J0-PSG_EOG_horizontal,0.301,0.333,0.339,0.366,0.375,0.34,0.358,0.331,0.274,0.288,0.295,0.28,0.276,0.301,0.295,0.313,0.3,0.307,0.308,0.304
SleepDB,SleepDB_SubjectST7171J0-PSG_EMG_submental,0.339,0.361,0.401,0.353,0.379,0.324,0.336,0.358,0.353,0.333,0.353,0.284,0.291,0.276,0.256,0.28,0.275,0.275,0.278,0.257
SleepDB,SleepDB_SubjectST7182J0-PSG_EEG_Fpz-Cz,0.047,0.398,0.376,0.395,0.424,0.424,0.393,0.408,0.387,0.408,0.403,0.36,0.343,0.369,0.41,0.404,0.438,0.44,0.461,0.47
SleepDB,SleepDB_SubjectST7182J0-PSG_EEG_Pz-Oz,0.047,0.475,0.495,0.47,0.452,0.473,0.493,0.462,0.445,0.464,0.485,0.354,0.391,0.368,0.426,0.378,0.291,0.299,0.371,0.375
SleepDB,SleepDB_SubjectST7182J0-PSG_EOG_horizontal,0.047,0.374,0.354,0.352,0.41,0.441,0.444,0.42,0.391,0.388,0.387,0.387,0.407,0.387,0.381,0.381,0.384,0.404,0.428,0.403
SleepDB,SleepDB_SubjectST7182J0-PSG_EMG_submental,0.047,0.44,0.407,0.427,0.42,0.421,0.421,0.437,0.429,0.404,0.42,0.437,0.407,0.397,0.399,0.4,0.429,0.436,0.376,0.394
SleepDB,SleepDB_SubjectST7192J0-PSG_EEG_Fpz-Cz,0.302,0.329,0.423,0.383,0.418,0.417,0.465,0.478,0.5,0.497,0.499,0.507,0.503,0.509,0.494,0.486,0.497,0.481,0.464,0.469
SleepDB,SleepDB_SubjectST7192J0-PSG_EEG_Pz-Oz,0.315,0.35,0.395,0.375,0.395,0.473,0.483,0.457,0.492,0.459,0.465,0.454,0.477,0.49,0.458,0.477,0.471,0.467,0.465,0.501
SleepDB,SleepDB_SubjectST7192J0-PSG_EOG_horizontal,0.289,0.322,0.386,0.413,0.408,0.452,0.458,0.473,0.457,0.486,0.54,0.504,0.457,0.491,0.495,0.498,0.482,0.495,0.488,0.459
SleepDB,SleepDB_SubjectST7192J0-PSG_EMG_submental,0.455,0.51,0.402,0.448,0.465,0.542,0.507,0.515,0.47,0.487,0.494,0.55,0.508,0.503,0.511,0.528,0.532,0.535,0.531,0.533
SleepDB,SleepDB_SubjectST7201J0-PSG_EEG_Fpz-Cz,0.233,0.304,0.319,0.377,0.402,0.451,0.433,0.411,0.42,0.396,0.374,0.42,0.406,0.404,0.434,0.433,0.395,0.381,0.408,0.372
SleepDB,SleepDB_SubjectST7201J0-PSG_EEG_Pz-Oz,0.23,0.312,0.311,0.324,0.372,0.385,0.374,0.392,0.4,0.426,0.399,0.403,0.403,0.346,0.357,0.343,0.312,0.343,0.318,0.324
SleepDB,SleepDB_SubjectST7201J0-PSG_EOG_horizontal,0.205,0.291,0.265,0.297,0.332,0.364,0.364,0.383,0.363,0.37,0.336,0.345,0.355,0.382,0.353,0.394,0.377,0.391,0.387,0.378
SleepDB,SleepDB_SubjectST7201J0-PSG_EMG_submental,0.37,0.499,0.406,0.432,0.45,0.419,0.368,0.367,0.37,0.388,0.446,0.429,0.428,0.438,0.459,0.436,0.437,0.406,0.392,0.396
SleepDB,SleepDB_SubjectST7212J0-PSG_EEG_Fpz-Cz,0.281,0.345,0.378,0.379,0.419,0.437,0.426,0.446,0.423,0.401,0.384,0.326,0.35,0.364,0.336,0.311,0.332,0.334,0.33,0.359
SleepDB,SleepDB_SubjectST7212J0-PSG_EEG_Pz-Oz,0.259,0.308,0.367,0.398,0.484,0.434,0.471,0.45,0.429,0.407,0.429,0.461,0.456,0.458,0.379,0.397,0.422,0.414,0.409,0.357
SleepDB,SleepDB_SubjectST7212J0-PSG_EOG_horizontal,0.239,0.311,0.347,0.368,0.357,0.387,0.421,0.436,0.406,0.409,0.404,0.396,0.38,0.342,0.329,0.347,0.355,0.371,0.379,0.398
SleepDB,SleepDB_SubjectST7212J0-PSG_EMG_submental,0.429,0.366,0.377,0.378,0.379,0.403,0.417,0.438,0.444,0.421,0.407,0.424,0.463,0.437,0.422,0.442,0.388,0.383,0.399,0.426
SleepDB,SleepDB_SubjectST7221J0-PSG_EEG_Fpz-Cz,0.316,0.452,0.441,0.428,0.45,0.436,0.45,0.447,0.416,0.445,0.439,0.416,0.395,0.415,0.355,0.363,0.382,0.357,0.368,0.372
SleepDB,SleepDB_SubjectST7221J0-PSG_EEG_Pz-Oz,0.335,0.499,0.427,0.428,0.449,0.408,0.408,0.428,0.451,0.454,0.38,0.43,0.428,0.388,0.404,0.39,0.439,0.422,0.403,0.414
SleepDB,SleepDB_SubjectST7221J0-PSG_EOG_horizontal,0.314,0.376,0.413,0.448,0.455,0.49,0.456,0.448,0.425,0.426,0.425,0.414,0.405,0.4,0.382,0.388,0.407,0.365,0.354,0.334
SleepDB,SleepDB_SubjectST7221J0-PSG_EMG_submental,0.453,0.468,0.452,0.472,0.461,0.486,0.476,0.453,0.448,0.373,0.398,0.411,0.445,0.444,0.405,0.396,0.418,0.427,0.422,0.427
SleepDB,SleepDB_SubjectST7241J0-PSG_EEG_Fpz-Cz,0.197,0.288,0.29,0.293,0.359,0.358,0.356,0.396,0.394,0.434,0.428,0.449,0.424,0.407,0.398,0.444,0.408,0.44,0.37,0.337
SleepDB,SleepDB_SubjectST7241J0-PSG_EEG_Pz-Oz,0.209,0.36,0.322,0.374,0.417,0.441,0.435,0.42,0.414,0.436,0.418,0.415,0.438,0.443,0.468,0.476,0.428,0.44,0.409,0.357
SleepDB,SleepDB_SubjectST7241J0-PSG_EOG_horizontal,0.197,0.277,0.31,0.301,0.347,0.353,0.382,0.421,0.417,0.404,0.358,0.394,0.374,0.367,0.382,0.373,0.384,0.367,0.393,0.367
SleepDB,SleepDB_SubjectST7241J0-PSG_EMG_submental,0.294,0.379,0.361,0.384,0.413,0.386,0.441,0.442,0.438,0.47,0.397,0.42,0.416,0.415,0.446,0.426,0.396,0.423,0.406,0.379
