name,dataset,runtime,throughput
UTSA,Cane,17.787610591,300.20895570436426
UTSA,DutchFactory,23.432259544,373.8862649395379
UTSA,EEGRat,14.872976608000002,134.4720732583028
UTSA,EEGRat2,19.371916257,103.24223858222102
UTSA,Fetal2013,19.310362332,932.1420121760978
UTSA,GrandMalSeizures,22.048342566,835.9812056087773
UTSA,GrandMalSeizures2,18.550346373,562.4153743665518
UTSA,GreatBarbet1,15.743813651,298.5299562219774
UTSA,GreatBarbet2,15.70893525,299.1927794724343
UTSA,InsectEPG1,19.033804351,893.2003127954187
UTSA,InsectEPG2,20.131140981,496.7925071628606
UTSA,InsectEPG3,17.026009922,411.1944038605148
UTSA,InsectEPG4,19.832607518,958.0686746689644
UTSA,NogunGun,20.423197488,361.5006907874248
UTSA,PigInternalBleedingDatasetAirwayPressure,18.460507225,811.0828059872011
UTSA,PigInternalBleedingDatasetArtPressureFluidFilled,27.127481585,551.949503793203
UTSA,PigInternalBleedingDatasetCVP,20.829127744,718.8491128397393
UTSA,Powerdemand,16.826906424999997,456.5307374971037
UTSA,PulsusParadoxusECG1,21.163549852000003,827.8856865945023
UTSA,PulsusParadoxusECG2,18.377709435,953.3832310261466
UTSA,PulsusParadoxusSP02,19.596118238000003,894.1056482310861
UTSA,RoboticDogActivityX,21.163434974,600.0443697160292
UTSA,RoboticDogActivityY,22.320403069,658.5454552303721
UTSA,RoboticDogActivityZ,17.481726867000003,629.2284557290811
UTSA,SimpleSynthetic,17.189564287,465.4568240598709
UTSA,SuddenCardiacDeath1,19.773715189,606.8662305137038
UTSA,SuddenCardiacDeath2,23.115621124,519.1727246100194
UTSA,SuddenCardiacDeath3,21.580677919,556.0993053621413
UTSA,TiltABP,44.193260819,905.1153786507376
UTSA,TiltECG,56.667506359,705.8718932608749
UTSA,WalkJogRun1,18.287550111,546.8747830790292
UTSA,WalkJogRun2,23.205864246,430.96865059545775
TSSB,Adiac,3.42035479,411.653201625905
TSSB,ArrowHead,3.301154559,456.2040259200115
TSSB,Beef,3.143262394,448.5785223312794
TSSB,BeetleFly,4.524374474,565.8240746232271
TSSB,BirdChicken,4.226992683000001,605.6315191402473
TSSB,Car,3.942707895,548.6077228148295
TSSB,CBF,2.9724411779999995,322.9668620880612
TSSB,ChlorineConcentration,10.714511793,728.077970393065
TSSB,CinCECGTorso,8.701932072,823.8400323840175
TSSB,Coffee,3.084870406,324.1627259462905
TSSB,Computers,13.042685162,862.5524468517413
TSSB,CricketX,4.218010091,733.0470845950377
TSSB,CricketY,4.284635391,717.447278351158
TSSB,CricketZ,4.180209946,649.9673545343984
TSSB,DiatomSizeReduction,3.198957473,404.1941822963397
TSSB,DistalPhalanxOutlineAgeGroup,3.279935563,435.9841748513033
TSSB,DistalPhalanxTW,4.301714264,599.760895694861
TSSB,ECG200,4.043463515000001,593.5505516735197
TSSB,ECGFiveDays,0.4067129250000008,1922.7321088947408
TSSB,FaceAll,6.589516755000002,1391.6043225843498
TSSB,FaceFour,7.115089788000002,1180.589458500871
TSSB,FacesUCR,4.468206638000002,1450.9176779930287
TSSB,FiftyWords,4.028791145,1289.7168934777335
TSSB,Fish,8.132420381,1244.8938354998204
TSSB,GunPoint,1.1725245139999991,1599.1136881254165
TSSB,Haptics,5.371741303,1092.3832085366528
TSSB,InlineSkate,4.098058958999999,1176.410600294636
TSSB,InsectWingbeatSound,0.6714086320000021,1906.4395943005927
TSSB,ItalyPowerDemand,0.9276502829999984,1733.41185732167
TSSB,LargeKitchenAppliances,10.498890645000005,803.5134649218929
TSSB,Lightning2,0.8622774490000005,1384.7051217502028
TSSB,Lightning7,4.903454980000003,1333.5495128783657
TSSB,Mallat,2.2695045750000027,1748.399207346826
TSSB,Meat,1.8897152760000004,1778.0456361194167
TSSB,MedicalImages,1.5819592399999998,1563.8835296413831
TSSB,MoteStrain,0.981040084,1712.4682542533094
TSSB,NonInvasiveFetalECGThorax1,8.388681333000001,1480.5664331462094
TSSB,NonInvasiveFetalECGThorax2,9.01140229,1565.461128691881
TSSB,OliveOil,6.371940990999999,1162.9109576604994
TSSB,OSULeaf,1.3660845470000034,1522.599757509734
TSSB,Plane,2.3608263580000006,1601.1342753739275
TSSB,ProximalPhalanxOutlineAgeGroup,2.772495648,1442.7434729737042
TSSB,ProximalPhalanxTW,3.289010959999999,1216.1710765475837
TSSB,ShapesAll,4.160328582000002,1538.3400310470952
TSSB,SonyAIBORobotSurface1,0.7814885820000015,1791.4529172225286
TSSB,SonyAIBORobotSurface2,0.9554775090000014,1836.77792880418
TSSB,SwedishLeaf,3.207537122999998,1356.8042498381403
TSSB,Symbols,0.9786968459999984,1930.117592307029
TSSB,SyntheticControl,2.281983613999998,1643.3071547901147
TSSB,ToeSegmentation1,1.6500634659999989,1678.723307967599
TSSB,ToeSegmentation2,2.137435987,1443.7859279853135
TSSB,Trace,4.069612839000001,1249.7503328227529
TSSB,TwoLeadECG,0.3584002849999983,1314.1730621112708
TSSB,UWaveGestureLibraryAll,6.5349804680000005,1294.418558926288
TSSB,UWaveGestureLibraryX,2.1187755479999986,1330.0134611521398
TSSB,UWaveGestureLibraryY,2.083418368,1352.5847920334738
TSSB,UWaveGestureLibraryZ,2.135006354000001,1319.90239500711
TSSB,WordSynonyms,1.8794166649999973,1274.3315756434476
TSSB,Yoga,13.726305028,1163.7509123842851
TSSB,Crop,15.66139158,1321.721629541173
TSSB,EOGHorizontalSignal,2.4989739570000005,2062.846627736985
TSSB,EOGVerticalSignal,4.398941656999995,1821.8018389144568
TSSB,FreezerRegularTrain,9.041755027,1248.2089999450725
TSSB,Ham,3.592305788000001,1634.047975428087
TSSB,MelbournePedestrian,3.184432909999998,1537.4794000605912
TSSB,MiddlePhalanxOutlineAgeGroup,8.435712242999998,1222.4219725556611
TSSB,MiddlePhalanxOutlineCorrect,7.222498055000003,1099.3426290372324
TSSB,ProximalPhalanxOutlineCorrect,5.309576804999999,1130.0335639461573
TSSB,Strawberry,6.586786273000001,902.8682203303669
TSSB,Chinatown,0.2307656069999986,1040.016331376458
TSSB,DodgerLoopDay,2.8682916369999987,1204.8983985515144
TSSB,Herring,4.816089209999998,1036.5256502381114
TSSB,MiddlePhalanxTW,6.939302470000001,968.3970440908016
TSSB,ShapeletSim,2.198711562,1137.0295418494736
TSSB,UMD,1.1965832689999978,1504.2831089425863
PAMAP,PAMAP_Indoor_Subject1_IMU_Shoe_X-Acc,161.054835351,788.2470571176908
PAMAP,PAMAP_Indoor_Subject1_IMU_Shoe_Y-Acc,158.976607993,798.5514447860774
PAMAP,PAMAP_Indoor_Subject1_IMU_Shoe_Z-Acc,168.685382963,752.5904009587235
PAMAP,PAMAP_Indoor_Subject1_IMU_Shoe_X-Gyro,152.27830332500002,833.6775313884
PAMAP,PAMAP_Indoor_Subject1_IMU_Shoe_Y-Gyro,165.286262614,768.067460612102
PAMAP,PAMAP_Indoor_Subject1_IMU_Shoe_Z-Gyro,160.267876958,792.117562231569
PAMAP,PAMAP_Indoor_Subject1_IMU_Shoe_X-Mag,131.227768939,967.4095736475716
PAMAP,PAMAP_Indoor_Subject1_IMU_Shoe_Y-Mag,108.913601687,1165.6119899958553
PAMAP,PAMAP_Indoor_Subject1_IMU_Shoe_Z-Mag,114.640834361,1107.3802865062526
PAMAP,PAMAP_Indoor_Subject2_IMU_Shoe_X-Acc,177.027337652,752.9853963122855
PAMAP,PAMAP_Indoor_Subject2_IMU_Shoe_Y-Acc,175.80900186000002,758.2034969184824
PAMAP,PAMAP_Indoor_Subject2_IMU_Shoe_Z-Acc,173.080895918,770.1543217291447
PAMAP,PAMAP_Indoor_Subject2_IMU_Shoe_X-Gyro,177.564219688,750.7086744965911
PAMAP,PAMAP_Indoor_Subject2_IMU_Shoe_Y-Gyro,164.428061418,810.6827925261163
PAMAP,PAMAP_Indoor_Subject2_IMU_Shoe_Z-Gyro,170.957753776,779.7189484289612
PAMAP,PAMAP_Indoor_Subject2_IMU_Shoe_X-Mag,144.832888044,920.364164522522
PAMAP,PAMAP_Indoor_Subject2_IMU_Shoe_Y-Mag,148.274176496,899.0034755215519
PAMAP,PAMAP_Indoor_Subject2_IMU_Shoe_Z-Mag,146.08555301500002,912.472159285408
PAMAP,PAMAP_Indoor_Subject3_IMU_Shoe_X-Acc,170.47768840100002,767.1737059946714
PAMAP,PAMAP_Indoor_Subject3_IMU_Shoe_Y-Acc,167.69926440100002,779.8841602982017
PAMAP,PAMAP_Indoor_Subject3_IMU_Shoe_Z-Acc,171.742275801,761.5247870101794
PAMAP,PAMAP_Indoor_Subject3_IMU_Shoe_X-Gyro,165.168585576,791.8333837146088
PAMAP,PAMAP_Indoor_Subject3_IMU_Shoe_Y-Gyro,169.95682730500002,769.5248380066246
PAMAP,PAMAP_Indoor_Subject3_IMU_Shoe_Z-Gyro,179.034132658,730.5087474567433
PAMAP,PAMAP_Indoor_Subject3_IMU_Shoe_X-Mag,166.73996132800002,784.3710587333427
PAMAP,PAMAP_Indoor_Subject3_IMU_Shoe_Y-Mag,153.651052842,851.1884401761163
PAMAP,PAMAP_Indoor_Subject3_IMU_Shoe_Z-Mag,147.99746520899998,883.7043243632978
PAMAP,PAMAP_Indoor_Subject4_IMU_Shoe_X-Acc,121.50816804000002,915.5433893413508
PAMAP,PAMAP_Indoor_Subject4_IMU_Shoe_Y-Acc,118.95420254799998,935.2002503241564
PAMAP,PAMAP_Indoor_Subject4_IMU_Shoe_Z-Acc,119.986161016,927.156924248668
PAMAP,PAMAP_Indoor_Subject4_IMU_Shoe_X-Gyro,115.784273739,960.804057473037
PAMAP,PAMAP_Indoor_Subject4_IMU_Shoe_Y-Gyro,122.815108942,905.8006051400112
PAMAP,PAMAP_Indoor_Subject4_IMU_Shoe_Z-Gyro,119.499165259,930.9353731374418
PAMAP,PAMAP_Indoor_Subject4_IMU_Shoe_X-Mag,111.950004523,993.711438190649
PAMAP,PAMAP_Indoor_Subject4_IMU_Shoe_Y-Mag,120.122464399,926.1048760245558
PAMAP,PAMAP_Indoor_Subject4_IMU_Shoe_Z-Mag,112.131914768,992.099352179681
PAMAP,PAMAP_Indoor_Subject5_IMU_Shoe_X-Acc,182.696187577,748.1272697187192
PAMAP,PAMAP_Indoor_Subject5_IMU_Shoe_Y-Acc,181.88784092,751.4520998691505
PAMAP,PAMAP_Indoor_Subject5_IMU_Shoe_Z-Acc,189.203632844,722.3962772041159
PAMAP,PAMAP_Indoor_Subject5_IMU_Shoe_X-Gyro,177.094004383,771.7934916893239
PAMAP,PAMAP_Indoor_Subject5_IMU_Shoe_Y-Gyro,182.485597368,748.9906160888493
PAMAP,PAMAP_Indoor_Subject5_IMU_Shoe_Z-Gyro,185.562768821,736.5701690507004
PAMAP,PAMAP_Indoor_Subject5_IMU_Shoe_X-Mag,163.460135064,836.1671789056413
PAMAP,PAMAP_Indoor_Subject5_IMU_Shoe_Y-Mag,144.245742159,947.549632690992
PAMAP,PAMAP_Indoor_Subject5_IMU_Shoe_Z-Mag,130.44566570799998,1047.7925752317096
PAMAP,PAMAP_Indoor_Subject6_IMU_Shoe_X-Acc,158.178933466,835.0290212848793
PAMAP,PAMAP_Indoor_Subject6_IMU_Shoe_Y-Acc,157.948244356,836.2486113001389
PAMAP,PAMAP_Indoor_Subject6_IMU_Shoe_Z-Acc,163.828635244,806.2326821149381
PAMAP,PAMAP_Indoor_Subject6_IMU_Shoe_X-Gyro,166.102963463,795.1935188045104
PAMAP,PAMAP_Indoor_Subject6_IMU_Shoe_Y-Gyro,163.19263250900002,809.3747736602975
PAMAP,PAMAP_Indoor_Subject6_IMU_Shoe_Z-Gyro,166.230400807,794.5838989665597
PAMAP,PAMAP_Indoor_Subject6_IMU_Shoe_X-Mag,143.321305618,921.5936139463364
PAMAP,PAMAP_Indoor_Subject6_IMU_Shoe_Y-Mag,132.098593823,999.8895232524612
PAMAP,PAMAP_Indoor_Subject6_IMU_Shoe_Z-Mag,141.48907038899998,933.527937082756
PAMAP,PAMAP_Indoor_Subject7_IMU_Shoe_X-Acc,166.502909031,779.3977940399748
PAMAP,PAMAP_Indoor_Subject7_IMU_Shoe_Y-Acc,167.94707692699998,772.6957942614673
PAMAP,PAMAP_Indoor_Subject7_IMU_Shoe_Z-Acc,175.772938699,738.2933969274208
PAMAP,PAMAP_Indoor_Subject7_IMU_Shoe_X-Gyro,169.55824250499998,765.3535332920973
PAMAP,PAMAP_Indoor_Subject7_IMU_Shoe_Y-Gyro,173.965475908,745.9641019154209
PAMAP,PAMAP_Indoor_Subject7_IMU_Shoe_Z-Gyro,167.112166811,776.5562644326737
PAMAP,PAMAP_Indoor_Subject7_IMU_Shoe_X-Mag,155.326286059,835.4799647414906
PAMAP,PAMAP_Indoor_Subject7_IMU_Shoe_Y-Mag,138.45468756800005,937.2885980206654
PAMAP,PAMAP_Indoor_Subject7_IMU_Shoe_Z-Mag,141.171280992,919.252124710507
PAMAP,PAMAP_Indoor_Subject8_IMU_Shoe_X-Acc,173.00754487300003,831.0042206860834
PAMAP,PAMAP_Indoor_Subject8_IMU_Shoe_Y-Acc,174.767085204,822.6377400079763
PAMAP,PAMAP_Indoor_Subject8_IMU_Shoe_Z-Acc,181.795211555,790.8349112732493
PAMAP,PAMAP_Indoor_Subject8_IMU_Shoe_X-Gyro,197.678647644,727.2914991755497
PAMAP,PAMAP_Indoor_Subject8_IMU_Shoe_Y-Gyro,194.23729849300005,740.1770984020416
PAMAP,PAMAP_Indoor_Subject8_IMU_Shoe_Z-Gyro,177.60854259100003,809.476829788959
PAMAP,PAMAP_Indoor_Subject8_IMU_Shoe_X-Mag,159.18468019400004,903.1648009392987
PAMAP,PAMAP_Indoor_Subject8_IMU_Shoe_Y-Mag,158.96161810899997,904.4321623690124
PAMAP,PAMAP_Indoor_Subject8_IMU_Shoe_Z-Mag,158.951663025,904.488806621594
PAMAP,PAMAP_Outdoor_Subject2_IMU_Shoe_X-Acc,128.50350034800002,1024.2756006143964
PAMAP,PAMAP_Outdoor_Subject2_IMU_Shoe_Y-Acc,134.070673645,981.7434075741196
PAMAP,PAMAP_Outdoor_Subject2_IMU_Shoe_Z-Acc,132.69757898,991.9020453254692
PAMAP,PAMAP_Outdoor_Subject2_IMU_Shoe_X-Gyro,134.045071556,981.930916758934
PAMAP,PAMAP_Outdoor_Subject2_IMU_Shoe_Y-Gyro,132.80907491,991.0693233063798
PAMAP,PAMAP_Outdoor_Subject2_IMU_Shoe_Z-Gyro,128.67600145300003,1022.9024722071148
PAMAP,PAMAP_Outdoor_Subject2_IMU_Shoe_X-Mag,132.127521413,996.1815569715942
PAMAP,PAMAP_Outdoor_Subject2_IMU_Shoe_Y-Mag,130.98742940799997,1004.852149514442
PAMAP,PAMAP_Outdoor_Subject2_IMU_Shoe_Z-Mag,130.677142247,1007.23812701086
PAMAP,PAMAP_Outdoor_Subject3_IMU_Shoe_X-Acc,196.251428364,891.657204529675
PAMAP,PAMAP_Outdoor_Subject3_IMU_Shoe_Y-Acc,203.468027461,860.031928276993
PAMAP,PAMAP_Outdoor_Subject3_IMU_Shoe_Z-Acc,204.065302135,857.5147179319858
PAMAP,PAMAP_Outdoor_Subject3_IMU_Shoe_X-Gyro,176.211506102,993.0622799325467
PAMAP,PAMAP_Outdoor_Subject3_IMU_Shoe_Y-Gyro,188.744940076,927.1188935159744
PAMAP,PAMAP_Outdoor_Subject3_IMU_Shoe_Z-Gyro,189.793186652,921.998324001248
PAMAP,PAMAP_Outdoor_Subject3_IMU_Shoe_X-Mag,133.370165771,1312.0550536051717
PAMAP,PAMAP_Outdoor_Subject3_IMU_Shoe_Y-Mag,172.623062403,1013.7058024812268
PAMAP,PAMAP_Outdoor_Subject3_IMU_Shoe_Z-Mag,131.615807594,1329.543944598166
PAMAP,PAMAP_Outdoor_Subject4_IMU_Shoe_X-Acc,91.15430829599998,1008.410921198704
PAMAP,PAMAP_Outdoor_Subject4_IMU_Shoe_Y-Acc,82.80149606699999,1110.136946385858
PAMAP,PAMAP_Outdoor_Subject4_IMU_Shoe_Z-Acc,96.61552462500003,951.4102454732696
PAMAP,PAMAP_Outdoor_Subject4_IMU_Shoe_X-Gyro,94.73004412400002,970.3468508858392
PAMAP,PAMAP_Outdoor_Subject4_IMU_Shoe_Y-Gyro,86.32537038799998,1064.8202212958922
PAMAP,PAMAP_Outdoor_Subject4_IMU_Shoe_Z-Gyro,92.785151932,990.6865278117634
PAMAP,PAMAP_Outdoor_Subject4_IMU_Shoe_X-Mag,70.18435500299998,1309.7078401029817
PAMAP,PAMAP_Outdoor_Subject4_IMU_Shoe_Y-Mag,71.83835897900002,1279.5531705682558
PAMAP,PAMAP_Outdoor_Subject4_IMU_Shoe_Z-Mag,68.22979058099997,1347.2267643980915
PAMAP,PAMAP_Outdoor_Subject5_IMU_Shoe_X-Acc,177.698387923,863.8288832789796
PAMAP,PAMAP_Outdoor_Subject5_IMU_Shoe_Y-Acc,150.229409628,1021.7772963369898
PAMAP,PAMAP_Outdoor_Subject5_IMU_Shoe_Z-Acc,151.734803983,1011.6400191033158
PAMAP,PAMAP_Outdoor_Subject5_IMU_Shoe_X-Gyro,150.00009652499995,1023.3393414811342
PAMAP,PAMAP_Outdoor_Subject5_IMU_Shoe_Y-Gyro,143.310312066,1071.1092438993978
PAMAP,PAMAP_Outdoor_Subject5_IMU_Shoe_Z-Gyro,152.88416066500002,1004.0346843801012
PAMAP,PAMAP_Outdoor_Subject5_IMU_Shoe_X-Mag,111.665410668,1374.6512826284609
PAMAP,PAMAP_Outdoor_Subject5_IMU_Shoe_Y-Mag,121.32753668699996,1265.178575214965
PAMAP,PAMAP_Outdoor_Subject5_IMU_Shoe_Z-Mag,101.60199934500002,1510.8068836201892
PAMAP,PAMAP_Outdoor_Subject6_IMU_Shoe_X-Acc,183.583896745,943.873635282335
PAMAP,PAMAP_Outdoor_Subject6_IMU_Shoe_Y-Acc,189.528743521,914.2676555590652
PAMAP,PAMAP_Outdoor_Subject6_IMU_Shoe_Z-Acc,165.689287041,1045.8129375444876
PAMAP,PAMAP_Outdoor_Subject6_IMU_Shoe_X-Gyro,164.687875776,1052.1721722592777
PAMAP,PAMAP_Outdoor_Subject6_IMU_Shoe_Y-Gyro,176.602157669,981.1884650060356
PAMAP,PAMAP_Outdoor_Subject6_IMU_Shoe_Z-Gyro,192.26130117,901.2734177159422
PAMAP,PAMAP_Outdoor_Subject6_IMU_Shoe_X-Mag,121.02518750900003,1431.768077096464
PAMAP,PAMAP_Outdoor_Subject6_IMU_Shoe_Y-Mag,136.73665193500003,1267.253494566851
PAMAP,PAMAP_Outdoor_Subject6_IMU_Shoe_Z-Mag,113.30301612799995,1529.3502849407223
PAMAP,PAMAP_Outdoor_Subject7_IMU_Shoe_X-Acc,32.718934983,1146.1864519577173
PAMAP,PAMAP_Outdoor_Subject7_IMU_Shoe_Y-Acc,38.29284310700001,979.3474956980814
PAMAP,PAMAP_Outdoor_Subject7_IMU_Shoe_Z-Acc,36.10410929899996,1038.7183267539788
PAMAP,PAMAP_Outdoor_Subject7_IMU_Shoe_X-Gyro,24.981995170000005,1501.1611260350746
PAMAP,PAMAP_Outdoor_Subject7_IMU_Shoe_Y-Gyro,31.54159395800002,1188.9697156693064
PAMAP,PAMAP_Outdoor_Subject7_IMU_Shoe_Z-Gyro,26.879581454999997,1395.185414727657
PAMAP,PAMAP_Outdoor_Subject7_IMU_Shoe_X-Mag,24.18535858299998,1550.6075657840508
PAMAP,PAMAP_Outdoor_Subject7_IMU_Shoe_Y-Mag,25.702834235999944,1459.060882378251
PAMAP,PAMAP_Outdoor_Subject7_IMU_Shoe_Z-Mag,24.69313095300004,1518.7219503018823
PAMAP,PAMAP_Outdoor_Subject8_IMU_Shoe_X-Acc,174.16183595400005,998.3530493208868
PAMAP,PAMAP_Outdoor_Subject8_IMU_Shoe_Y-Acc,172.40211144800003,1008.5433324431424
PAMAP,PAMAP_Outdoor_Subject8_IMU_Shoe_Z-Acc,168.14927979200002,1034.0514108361492
PAMAP,PAMAP_Outdoor_Subject8_IMU_Shoe_X-Gyro,157.82709265800003,1101.680307681867
PAMAP,PAMAP_Outdoor_Subject8_IMU_Shoe_Y-Gyro,155.970754189,1114.7923269596058
PAMAP,PAMAP_Outdoor_Subject8_IMU_Shoe_Z-Gyro,161.997568629,1073.3185779979278
PAMAP,PAMAP_Outdoor_Subject8_IMU_Shoe_X-Mag,110.55993712099996,1572.6763647640846
PAMAP,PAMAP_Outdoor_Subject8_IMU_Shoe_Y-Mag,110.734212845,1570.2012551746875
PAMAP,PAMAP_Outdoor_Subject8_IMU_Shoe_Z-Mag,108.89064676700002,1596.7854463391238
mHealth,mHealth_Subject1_Ankle_X-Acc,31.287137781000013,1124.2319526383903
mHealth,mHealth_Subject1_Ankle_Y-Acc,24.629347223000025,1428.133668404857
mHealth,mHealth_Subject1_Ankle_Z-Acc,25.85729476500001,1360.3124503036152
mHealth,mHealth_Subject1_Ankle_X-Gyro,29.70780719200002,1183.998528490247
mHealth,mHealth_Subject1_Ankle_Y-Gyro,28.133617183000013,1250.2480492005202
mHealth,mHealth_Subject1_Ankle_Z-Gyro,25.916420867,1357.2090135635935
mHealth,mHealth_Subject1_Ankle_X-Mag,20.820058750999976,1689.428469951393
mHealth,mHealth_Subject1_Ankle_Y-Mag,26.835615671000028,1310.72081338573
mHealth,mHealth_Subject1_Ankle_Z-Mag,25.901566412000022,1357.9873680421167
mHealth,mHealth_Subject2_Ankle_X-Acc,28.903626574000043,1229.326704350742
mHealth,mHealth_Subject2_Ankle_Y-Acc,29.73594713800003,1194.9173784544805
mHealth,mHealth_Subject2_Ankle_Z-Acc,31.62390437800002,1123.5804274920192
mHealth,mHealth_Subject2_Ankle_X-Gyro,31.43533071600001,1130.320540318504
mHealth,mHealth_Subject2_Ankle_Y-Gyro,24.96640116200001,1423.192704845315
mHealth,mHealth_Subject2_Ankle_Z-Gyro,30.044214744999977,1182.6569707871402
mHealth,mHealth_Subject2_Ankle_X-Mag,21.58220421499999,1646.356398356414
mHealth,mHealth_Subject2_Ankle_Y-Mag,29.932888959000024,1187.055484309224
mHealth,mHealth_Subject2_Ankle_Z-Mag,28.218262235999987,1259.184555832406
mHealth,mHealth_Subject3_Ankle_X-Acc,27.520775420000007,1285.5742420065862
mHealth,mHealth_Subject3_Ankle_Y-Acc,28.729755400000045,1231.4758516878965
mHealth,mHealth_Subject3_Ankle_Z-Acc,26.279650248999985,1346.2888457332613
mHealth,mHealth_Subject3_Ankle_X-Gyro,26.854390706000004,1317.475432130923
mHealth,mHealth_Subject3_Ankle_Y-Gyro,26.12278345300001,1354.3732835230032
mHealth,mHealth_Subject3_Ankle_Z-Gyro,24.70310707900001,1432.2085026331108
mHealth,mHealth_Subject3_Ankle_X-Mag,21.40219439499998,1653.1015159952728
mHealth,mHealth_Subject3_Ankle_Y-Mag,21.53622944700004,1642.8131064942927
mHealth,mHealth_Subject3_Ankle_Z-Mag,21.514953677999983,1644.437656223153
mHealth,mHealth_Subject4_Ankle_X-Acc,34.75898525600002,1016.3702921650096
mHealth,mHealth_Subject4_Ankle_Y-Acc,27.681354329999976,1276.2381341187806
mHealth,mHealth_Subject4_Ankle_Z-Acc,28.70654939299999,1230.6599276823788
mHealth,mHealth_Subject4_Ankle_X-Gyro,26.93752850800001,1311.4788904820332
mHealth,mHealth_Subject4_Ankle_Y-Gyro,28.899111119,1222.4597446795956
mHealth,mHealth_Subject4_Ankle_Z-Gyro,29.91380101499999,1180.9933475951489
mHealth,mHealth_Subject4_Ankle_X-Mag,21.105142674000035,1673.9048176879403
mHealth,mHealth_Subject4_Ankle_Y-Mag,31.253659502000005,1130.3636298251497
mHealth,mHealth_Subject4_Ankle_Z-Mag,21.568182202999992,1637.968358552076
mHealth,mHealth_Subject5_Ankle_X-Acc,24.771885355999984,1370.384188047993
mHealth,mHealth_Subject5_Ankle_Y-Acc,25.327768117000005,1340.307596120748
mHealth,mHealth_Subject5_Ankle_Z-Acc,27.44992438700001,1236.6882881497822
mHealth,mHealth_Subject5_Ankle_X-Gyro,24.407984595000016,1390.8153648603193
mHealth,mHealth_Subject5_Ankle_Y-Gyro,23.605724769000005,1438.0833603796218
mHealth,mHealth_Subject5_Ankle_Z-Gyro,25.253095449,1344.2708466594845
mHealth,mHealth_Subject5_Ankle_X-Mag,17.907648203000008,1895.6704763896896
mHealth,mHealth_Subject5_Ankle_Y-Mag,20.75300278000003,1635.763284950514
mHealth,mHealth_Subject5_Ankle_Z-Mag,18.40351554299997,1844.593220283513
mHealth,mHealth_Subject6_Ankle_X-Acc,21.48065576100004,1499.255905328129
mHealth,mHealth_Subject6_Ankle_Y-Acc,21.37446894499999,1506.7041002454257
mHealth,mHealth_Subject6_Ankle_Z-Acc,22.96335855000001,1402.4516461682815
mHealth,mHealth_Subject6_Ankle_X-Gyro,22.493608069000004,1431.740070388438
mHealth,mHealth_Subject6_Ankle_Y-Gyro,22.396145511999972,1437.9706535994949
mHealth,mHealth_Subject6_Ankle_Z-Gyro,23.7303718,1357.1215938555165
mHealth,mHealth_Subject6_Ankle_X-Mag,18.235665546000007,1766.044673212608
mHealth,mHealth_Subject6_Ankle_Y-Mag,23.020681002999996,1398.959483249133
mHealth,mHealth_Subject6_Ankle_Z-Mag,21.99269603700003,1464.3497980338116
mHealth,mHealth_Subject7_Ankle_X-Acc,28.81359371600001,1188.779169221766
mHealth,mHealth_Subject7_Ankle_Y-Acc,24.929970535999928,1373.9687317535022
mHealth,mHealth_Subject7_Ankle_Z-Acc,25.407818718999977,1348.1283213968145
mHealth,mHealth_Subject7_Ankle_X-Gyro,28.84403975500004,1187.524365204854
mHealth,mHealth_Subject7_Ankle_Y-Gyro,23.572473641999977,1453.093150944079
mHealth,mHealth_Subject7_Ankle_Z-Gyro,23.514913593000017,1456.6500474063628
mHealth,mHealth_Subject7_Ankle_X-Mag,21.521437296000045,1591.5758566165202
mHealth,mHealth_Subject7_Ankle_Y-Mag,26.23009607799997,1305.8663566516286
mHealth,mHealth_Subject7_Ankle_Z-Mag,24.42129123899997,1402.5875890337495
mHealth,mHealth_Subject8_Ankle_X-Acc,22.684527934000016,1469.3715512607755
mHealth,mHealth_Subject8_Ankle_Y-Acc,24.676481048000028,1350.7598565274964
mHealth,mHealth_Subject8_Ankle_Z-Acc,23.204254927000022,1436.4606881307586
mHealth,mHealth_Subject8_Ankle_X-Gyro,26.78076127600002,1244.6248131815046
mHealth,mHealth_Subject8_Ankle_Y-Gyro,25.297641409999983,1317.5931882260015
mHealth,mHealth_Subject8_Ankle_Z-Gyro,22.85739028899997,1458.2592141343844
mHealth,mHealth_Subject8_Ankle_X-Mag,18.846756895,1768.5801427641327
mHealth,mHealth_Subject8_Ankle_Y-Mag,19.909467216,1674.1784015803876
mHealth,mHealth_Subject8_Ankle_Z-Mag,21.336057579999988,1562.23800367153
mHealth,mHealth_Subject9_Ankle_X-Acc,24.40617724499998,1407.5944649233422
mHealth,mHealth_Subject9_Ankle_Y-Acc,23.88415336600002,1438.3595463301704
mHealth,mHealth_Subject9_Ankle_Z-Acc,23.988116054999978,1432.1258043454982
mHealth,mHealth_Subject9_Ankle_X-Gyro,22.790257623,1507.3984931758662
mHealth,mHealth_Subject9_Ankle_Y-Gyro,22.106825157000003,1553.9997152925416
mHealth,mHealth_Subject9_Ankle_Z-Gyro,22.63502189899998,1517.736547960564
mHealth,mHealth_Subject9_Ankle_X-Mag,19.30665188400002,1779.3867215511434
mHealth,mHealth_Subject9_Ankle_Y-Mag,22.274847049000016,1542.2777056304076
mHealth,mHealth_Subject9_Ankle_Z-Mag,20.93751671000001,1640.7867502067288
mHealth,mHealth_Subject10_Ankle_X-Acc,28.085919328000045,1199.5334603988913
mHealth,mHealth_Subject10_Ankle_Y-Acc,24.26940054199997,1388.1677852609912
mHealth,mHealth_Subject10_Ankle_Z-Acc,24.80070551,1358.4290973664322
mHealth,mHealth_Subject10_Ankle_X-Gyro,22.93946925399996,1468.6477540942003
mHealth,mHealth_Subject10_Ankle_Y-Gyro,25.83741886400003,1303.922817419707
mHealth,mHealth_Subject10_Ankle_Z-Gyro,24.764236348,1360.429593974573
mHealth,mHealth_Subject10_Ankle_X-Mag,19.01209529800002,1772.0298300600264
mHealth,mHealth_Subject10_Ankle_Y-Mag,20.075824171000026,1678.1378295126713
mHealth,mHealth_Subject10_Ankle_Z-Mag,21.85665480399996,1541.4069674483962
WESAD,WESAD_Subject2_chest_X-ACC,2406.424247658,840.375092616424
WESAD,WESAD_Subject2_chest_Y-ACC,2359.249463217,857.1789594655477
WESAD,WESAD_Subject2_chest_Z-ACC,2395.25847132,844.2925989885066
WESAD,WESAD_Subject2_chest_ECG,2438.39573448,829.3563556578584
WESAD,WESAD_Subject2_chest_EMG,2626.443970117,769.9760676447679
WESAD,WESAD_Subject2_chest_EDA,2465.01308295,820.4009195682715
WESAD,WESAD_Subject2_chest_Temp,2614.849967504,773.3900702266225
WESAD,WESAD_Subject2_chest_Resp,2105.669003828,960.4068808172428
WESAD,WESAD_Subject3_chest_X-ACC,2374.424054594,865.2628817607293
WESAD,WESAD_Subject3_chest_Y-ACC,2323.843119521,884.0962553545706
WESAD,WESAD_Subject3_chest_Z-ACC,2351.1535061950003,873.8268235513515
WESAD,WESAD_Subject3_chest_ECG,2428.580758782,845.9677499176057
WESAD,WESAD_Subject3_chest_EMG,2524.19983279,813.9216924553705
WESAD,WESAD_Subject3_chest_EDA,2381.653087808,862.6365487556792
WESAD,WESAD_Subject3_chest_Temp,2527.508119457,812.8563402761217
WESAD,WESAD_Subject3_chest_Resp,1586.9992547379998,1294.582208445448
WESAD,WESAD_Subject4_chest_X-ACC,2397.85430436,867.0255720790743
WESAD,WESAD_Subject4_chest_Y-ACC,2336.481606586,889.7998572468014
WESAD,WESAD_Subject4_chest_Z-ACC,2425.23811035,857.2358281554331
WESAD,WESAD_Subject4_chest_ECG,2488.4371754900003,835.4645319067065
WESAD,WESAD_Subject4_chest_EMG,2622.919063351,792.6287276832329
WESAD,WESAD_Subject4_chest_EDA,2616.634962148,794.5323020117963
WESAD,WESAD_Subject4_chest_Temp,2626.191331259,791.6411021748837
WESAD,WESAD_Subject4_chest_Resp,1973.474361483,1053.4725155677727
WESAD,WESAD_Subject5_chest_X-ACC,2512.482744165,838.8913336399746
WESAD,WESAD_Subject5_chest_Y-ACC,2463.596218053,855.5379264487312
WESAD,WESAD_Subject5_chest_Z-ACC,2514.612587155,838.1808039800774
WESAD,WESAD_Subject5_chest_ECG,2464.771861355,855.1298532113633
WESAD,WESAD_Subject5_chest_EMG,2676.621252128,787.447980667534
WESAD,WESAD_Subject5_chest_EDA,2419.750353212,871.0402695890585
WESAD,WESAD_Subject5_chest_Temp,2756.491176849,764.6315060617585
WESAD,WESAD_Subject5_chest_Resp,1457.656472829,1445.951113508524
MIT-BIH-VE,MIT-BIH-VE_ECG_Subject418,668.203657127,785.6886061613062
MIT-BIH-VE,MIT-BIH-VE_ECG_Subject418,670.9508073339998,782.471671933848
MIT-BIH-VE,MIT-BIH-VE_ECG_Subject419,637.75957414,823.1942275550265
MIT-BIH-VE,MIT-BIH-VE_ECG_Subject419,641.8154323580002,817.9921727203946
MIT-BIH-VE,MIT-BIH-VE_ECG_Subject420,614.5050157779997,854.3461591364213
MIT-BIH-VE,MIT-BIH-VE_ECG_Subject420,602.5333332160003,871.321088906121
MIT-BIH-VE,MIT-BIH-VE_ECG_Subject421,570.8814529179999,919.6305070282424
MIT-BIH-VE,MIT-BIH-VE_ECG_Subject421,556.644800861,943.1508193159212
MIT-BIH-VE,MIT-BIH-VE_ECG_Subject422,626.1775295910002,838.4203763155056
MIT-BIH-VE,MIT-BIH-VE_ECG_Subject422,640.1665863349999,820.0990354802225
MIT-BIH-VE,MIT-BIH-VE_ECG_Subject423,668.5538623120001,785.2770428764549
MIT-BIH-VE,MIT-BIH-VE_ECG_Subject423,657.0769710499999,798.9931516867154
MIT-BIH-VE,MIT-BIH-VE_ECG_Subject424,621.3972864709999,844.8701200186224
MIT-BIH-VE,MIT-BIH-VE_ECG_Subject424,618.120237572,849.3493144023566
MIT-BIH-VE,MIT-BIH-VE_ECG_Subject425,631.3337403340001,831.5728535627678
MIT-BIH-VE,MIT-BIH-VE_ECG_Subject425,614.460357368,854.4082522244438
MIT-BIH-VE,MIT-BIH-VE_ECG_Subject426,588.231323164,892.5060249700933
MIT-BIH-VE,MIT-BIH-VE_ECG_Subject426,585.145319519,897.2130212569408
MIT-BIH-VE,MIT-BIH-VE_ECG_Subject427,643.382982106,815.9992020328323
MIT-BIH-VE,MIT-BIH-VE_ECG_Subject427,652.797227758,804.2313565011401
MIT-BIH-VE,MIT-BIH-VE_ECG_Subject428,585.223354484,897.0933849058368
MIT-BIH-VE,MIT-BIH-VE_ECG_Subject428,588.264937462,892.455025902191
MIT-BIH-VE,MIT-BIH-VE_ECG_Subject429,604.164211664,868.9690482559956
MIT-BIH-VE,MIT-BIH-VE_ECG_Subject429,600.4314772170001,874.3712145695209
MIT-BIH-VE,MIT-BIH-VE_ECG_Subject430,505.3812035840001,1038.819798355914
MIT-BIH-VE,MIT-BIH-VE_ECG_Subject430,516.618418683,1016.22393049471
MIT-BIH-VE,MIT-BIH-VE_ECG_Subject602,573.331710728,915.7002659653524
MIT-BIH-VE,MIT-BIH-VE_ECG_Subject602,573.517761019,915.4032109959492
MIT-BIH-VE,MIT-BIH-VE_ECG_Subject605,632.742990647,829.7207677688702
MIT-BIH-VE,MIT-BIH-VE_ECG_Subject605,632.693639247,829.7854876885257
MIT-BIH-VE,MIT-BIH-VE_ECG_Subject607,588.007471383,892.8457979712302
MIT-BIH-VE,MIT-BIH-VE_ECG_Subject607,597.84375881,878.1558597266373
MIT-BIH-VE,MIT-BIH-VE_ECG_Subject609,643.92998641,815.3060287298448
MIT-BIH-VE,MIT-BIH-VE_ECG_Subject609,645.586659158,813.2138304789726
MIT-BIH-VE,MIT-BIH-VE_ECG_Subject610,619.899142172,846.9119640341931
MIT-BIH-VE,MIT-BIH-VE_ECG_Subject610,615.622847016,852.7948605948266
MIT-BIH-VE,MIT-BIH-VE_ECG_Subject611,645.832612048,812.9041336812837
MIT-BIH-VE,MIT-BIH-VE_ECG_Subject611,666.174930883,788.0812916573192
MIT-BIH-VE,MIT-BIH-VE_ECG_Subject612,632.880171931,829.5409198840225
MIT-BIH-VE,MIT-BIH-VE_ECG_Subject612,629.9470274900001,833.4034086831753
MIT-BIH-VE,MIT-BIH-VE_ECG_Subject614,587.93598854,892.9543525711248
MIT-BIH-VE,MIT-BIH-VE_ECG_Subject614,580.323993811,904.667057710838
MIT-BIH-VE,MIT-BIH-VE_ECG_Subject615,632.642600135,829.8524315118361
MIT-BIH-VE,MIT-BIH-VE_ECG_Subject615,627.715416988,836.3662669289456
MIT-BIH-Arr,MIT-BIH-Arr_MLII_Subject100,857.6618729680001,757.8744263757798
MIT-BIH-Arr,MIT-BIH-Arr_V5_Subject100,839.3295024769999,774.4276807639226
MIT-BIH-Arr,MIT-BIH-Arr_MLII_Subject101,889.2255533179996,730.9731457610854
MIT-BIH-Arr,MIT-BIH-Arr_V1_Subject101,810.2423902420005,802.2290709893124
MIT-BIH-Arr,MIT-BIH-Arr_V5_Subject102,829.621143623,783.4901569183919
MIT-BIH-Arr,MIT-BIH-Arr_V2_Subject102,854.588848809,760.5996742244814
MIT-BIH-Arr,MIT-BIH-Arr_MLII_Subject103,846.662722465,767.7201118617457
MIT-BIH-Arr,MIT-BIH-Arr_V2_Subject103,865.544342267,750.9725016485526
MIT-BIH-Arr,MIT-BIH-Arr_V5_Subject104,741.7826350720001,876.2674795385426
MIT-BIH-Arr,MIT-BIH-Arr_V2_Subject104,769.4961066420001,844.7086273594437
MIT-BIH-Arr,MIT-BIH-Arr_MLII_Subject105,810.70294353,801.7733316345691
MIT-BIH-Arr,MIT-BIH-Arr_V1_Subject105,762.844141695,852.0744467614759
MIT-BIH-Arr,MIT-BIH-Arr_MLII_Subject106,789.18015198,823.639568695682
MIT-BIH-Arr,MIT-BIH-Arr_V1_Subject106,813.6737524219999,798.8459724369812
MIT-BIH-Arr,MIT-BIH-Arr_MLII_Subject107,888.810867313,731.3141905713205
MIT-BIH-Arr,MIT-BIH-Arr_V1_Subject107,837.609800606,776.0176630332326
MIT-BIH-Arr,MIT-BIH-Arr_MLII_Subject108,795.356905365,817.2431717327031
MIT-BIH-Arr,MIT-BIH-Arr_V1_Subject108,839.198775026,774.5483184003239
MIT-BIH-Arr,MIT-BIH-Arr_MLII_Subject109,853.6959807590001,761.395174218931
MIT-BIH-Arr,MIT-BIH-Arr_V1_Subject109,833.277170368,780.0525720786766
MIT-BIH-Arr,MIT-BIH-Arr_MLII_Subject111,871.0966631340002,746.1858453933843
MIT-BIH-Arr,MIT-BIH-Arr_V1_Subject111,864.0335156319998,752.2856327217303
MIT-BIH-Arr,MIT-BIH-Arr_MLII_Subject112,861.6603216210001,754.357585802705
MIT-BIH-Arr,MIT-BIH-Arr_V1_Subject112,840.0843519119999,773.7318264774541
MIT-BIH-Arr,MIT-BIH-Arr_MLII_Subject113,897.3354983200002,724.3667515850382
MIT-BIH-Arr,MIT-BIH-Arr_V1_Subject113,811.2696840630001,801.2132251074274
MIT-BIH-Arr,MIT-BIH-Arr_V5_Subject114,867.6529181999995,749.1474832453348
MIT-BIH-Arr,MIT-BIH-Arr_MLII_Subject114,849.6377167170003,765.0319509256246
MIT-BIH-Arr,MIT-BIH-Arr_MLII_Subject115,835.949464508,777.5589645033854
MIT-BIH-Arr,MIT-BIH-Arr_V1_Subject115,831.817501144,781.4214044619811
MIT-BIH-Arr,MIT-BIH-Arr_MLII_Subject116,848.573456336,765.9914355636253
MIT-BIH-Arr,MIT-BIH-Arr_V1_Subject116,818.985471821,793.6648724118833
MIT-BIH-Arr,MIT-BIH-Arr_MLII_Subject117,856.7051074499999,758.7208181059386
MIT-BIH-Arr,MIT-BIH-Arr_V2_Subject117,846.5263723219999,767.8437686673208
MIT-BIH-Arr,MIT-BIH-Arr_MLII_Subject118,872.0271966910004,745.3895961805938
MIT-BIH-Arr,MIT-BIH-Arr_V1_Subject118,833.14675556,780.1746759046097
MIT-BIH-Arr,MIT-BIH-Arr_MLII_Subject119,828.588572004,784.466527733938
MIT-BIH-Arr,MIT-BIH-Arr_V1_Subject119,828.8794459580001,784.1912393529612
MIT-BIH-Arr,MIT-BIH-Arr_MLII_Subject121,828.6949370359999,784.36583952698
MIT-BIH-Arr,MIT-BIH-Arr_V1_Subject121,845.367528455,768.896341675135
MIT-BIH-Arr,MIT-BIH-Arr_MLII_Subject122,902.744067441,720.0268862940842
MIT-BIH-Arr,MIT-BIH-Arr_V1_Subject122,914.1092847030004,711.0747159856153
MIT-BIH-Arr,MIT-BIH-Arr_MLII_Subject123,851.4093672020001,763.4400384107884
MIT-BIH-Arr,MIT-BIH-Arr_V5_Subject123,850.7748770190001,764.0093960901995
MIT-BIH-Arr,MIT-BIH-Arr_MLII_Subject124,819.532168191,793.1354316875468
MIT-BIH-Arr,MIT-BIH-Arr_V4_Subject124,846.3411345359999,768.0118258181526
MIT-BIH-Arr,MIT-BIH-Arr_MLII_Subject200,784.2065910800001,828.8632197095253
MIT-BIH-Arr,MIT-BIH-Arr_V1_Subject200,783.6851081990001,829.4147651902891
MIT-BIH-Arr,MIT-BIH-Arr_MLII_Subject201,833.245851965,780.0818911575005
MIT-BIH-Arr,MIT-BIH-Arr_V1_Subject201,820.064476714,792.6206029610639
MIT-BIH-Arr,MIT-BIH-Arr_MLII_Subject202,819.5610580790003,793.1074733145072
MIT-BIH-Arr,MIT-BIH-Arr_V1_Subject202,812.5428534779999,799.9578080315972
MIT-BIH-Arr,MIT-BIH-Arr_MLII_Subject203,832.681346012,780.6107379648597
MIT-BIH-Arr,MIT-BIH-Arr_V1_Subject203,838.3235096649998,775.3569982306052
MIT-BIH-Arr,MIT-BIH-Arr_MLII_Subject205,832.1727237980001,781.0878456018461
MIT-BIH-Arr,MIT-BIH-Arr_V1_Subject205,831.752997316,781.4820049912627
MIT-BIH-Arr,MIT-BIH-Arr_MLII_Subject207,751.2009497900001,865.281121092444
MIT-BIH-Arr,MIT-BIH-Arr_V1_Subject207,803.7456149399995,808.7135878788256
MIT-BIH-Arr,MIT-BIH-Arr_MLII_Subject208,826.9808411489998,785.991606645803
MIT-BIH-Arr,MIT-BIH-Arr_V1_Subject208,800.0795127910003,812.4192528471797
MIT-BIH-Arr,MIT-BIH-Arr_MLII_Subject209,793.8653121360001,818.778689613089
MIT-BIH-Arr,MIT-BIH-Arr_V1_Subject209,821.308483283,791.4200488977881
MIT-BIH-Arr,MIT-BIH-Arr_MLII_Subject210,825.1305128849999,787.7541671890539
MIT-BIH-Arr,MIT-BIH-Arr_V1_Subject210,827.4431664909998,785.5524419356844
MIT-BIH-Arr,MIT-BIH-Arr_MLII_Subject212,781.2790142320001,831.9691021509801
MIT-BIH-Arr,MIT-BIH-Arr_V1_Subject212,784.9986173989998,828.0269360902803
MIT-BIH-Arr,MIT-BIH-Arr_MLII_Subject213,869.7715511000001,747.3226724626081
MIT-BIH-Arr,MIT-BIH-Arr_V1_Subject213,855.9323076369999,759.4058481031942
MIT-BIH-Arr,MIT-BIH-Arr_MLII_Subject214,829.6669635300004,783.446887211746
MIT-BIH-Arr,MIT-BIH-Arr_V1_Subject214,810.2529660550001,802.2185999080662
MIT-BIH-Arr,MIT-BIH-Arr_MLII_Subject215,823.696490623,789.1256153202434
MIT-BIH-Arr,MIT-BIH-Arr_V1_Subject215,804.2244768830001,808.2320529701599
MIT-BIH-Arr,MIT-BIH-Arr_MLII_Subject217,771.6673276310003,842.3318918989146
MIT-BIH-Arr,MIT-BIH-Arr_V1_Subject217,810.437201142,802.0362331394396
MIT-BIH-Arr,MIT-BIH-Arr_MLII_Subject219,800.7194894930001,811.7699250852097
MIT-BIH-Arr,MIT-BIH-Arr_V1_Subject219,822.8636934319998,789.9242671516836
MIT-BIH-Arr,MIT-BIH-Arr_MLII_Subject220,852.713916289,762.2720675520245
MIT-BIH-Arr,MIT-BIH-Arr_V1_Subject220,866.4125465599991,750.219976131183
MIT-BIH-Arr,MIT-BIH-Arr_MLII_Subject221,861.6464079240004,754.3697670208727
MIT-BIH-Arr,MIT-BIH-Arr_V1_Subject221,815.7401421190002,796.8223781552949
MIT-BIH-Arr,MIT-BIH-Arr_MLII_Subject222,753.1638533599998,863.0260163180067
MIT-BIH-Arr,MIT-BIH-Arr_V1_Subject222,741.4405135189998,876.6718140542282
MIT-BIH-Arr,MIT-BIH-Arr_MLII_Subject223,816.4263734670003,796.1526245651994
MIT-BIH-Arr,MIT-BIH-Arr_V1_Subject223,767.6658330450002,846.722586860131
MIT-BIH-Arr,MIT-BIH-Arr_MLII_Subject228,785.380512767,827.6243036766516
MIT-BIH-Arr,MIT-BIH-Arr_V1_Subject228,794.744345287,817.8730730890202
MIT-BIH-Arr,MIT-BIH-Arr_MLII_Subject230,714.308784613,909.9706093523108
MIT-BIH-Arr,MIT-BIH-Arr_V1_Subject230,697.1975666580001,932.3038849888125
MIT-BIH-Arr,MIT-BIH-Arr_MLII_Subject231,812.5076917869999,799.9924266198805
MIT-BIH-Arr,MIT-BIH-Arr_V1_Subject231,862.707516558,753.4419111048749
MIT-BIH-Arr,MIT-BIH-Arr_MLII_Subject232,825.0837349860003,787.7988286983126
MIT-BIH-Arr,MIT-BIH-Arr_V1_Subject232,801.403458839,811.0771083290064
MIT-BIH-Arr,MIT-BIH-Arr_MLII_Subject233,829.6001937880001,783.509942339893
MIT-BIH-Arr,MIT-BIH-Arr_V1_Subject233,834.4140341120001,778.9897741733729
MIT-BIH-Arr,MIT-BIH-Arr_MLII_Subject234,832.1241139689992,781.1334740675666
MIT-BIH-Arr,MIT-BIH-Arr_V1_Subject234,850.0902390090005,764.6247070872649
SleepDB,SleepDB_SubjectST7011J0-PSG_EEG_Fpz-Cz,3792.19543653,946.6811666449828
SleepDB,SleepDB_SubjectST7011J0-PSG_EEG_Pz-Oz,3814.963890401,941.0311874859308
SleepDB,SleepDB_SubjectST7011J0-PSG_EOG_horizontal,3801.72013808,944.3093835447536
SleepDB,SleepDB_SubjectST7011J0-PSG_EMG_submental,3828.538784282,937.6945624107776
SleepDB,SleepDB_SubjectST7022J0-PSG_EEG_Fpz-Cz,3223.154348501,954.3446163012834
SleepDB,SleepDB_SubjectST7022J0-PSG_EEG_Pz-Oz,3281.818204809,937.2853119933928
SleepDB,SleepDB_SubjectST7022J0-PSG_EOG_horizontal,3252.950811954,945.602985663436
SleepDB,SleepDB_SubjectST7022J0-PSG_EMG_submental,3179.2851897510004,967.5130780705176
SleepDB,SleepDB_SubjectST7041J0-PSG_EEG_Fpz-Cz,3487.3796615779997,893.5075335588915
SleepDB,SleepDB_SubjectST7041J0-PSG_EEG_Pz-Oz,3315.3526595770004,939.8698479327278
SleepDB,SleepDB_SubjectST7041J0-PSG_EOG_horizontal,3359.191859581,927.6040578368948
SleepDB,SleepDB_SubjectST7041J0-PSG_EMG_submental,3244.40407248,960.4229098437024
SleepDB,SleepDB_SubjectST7052J0-PSG_EEG_Fpz-Cz,3526.716071847,930.894331473823
SleepDB,SleepDB_SubjectST7052J0-PSG_EEG_Pz-Oz,3521.700153817,932.2201938293116
SleepDB,SleepDB_SubjectST7052J0-PSG_EOG_horizontal,3484.424492792,942.192894921766
SleepDB,SleepDB_SubjectST7052J0-PSG_EMG_submental,3551.057417338,924.5133531130156
SleepDB,SleepDB_SubjectST7061J0-PSG_EEG_Fpz-Cz,3545.65749794,918.588442874782
SleepDB,SleepDB_SubjectST7061J0-PSG_EEG_Pz-Oz,3503.490131519,929.6444053598262
SleepDB,SleepDB_SubjectST7061J0-PSG_EOG_horizontal,3511.506245893,927.5222004259095
SleepDB,SleepDB_SubjectST7061J0-PSG_EMG_submental,3451.420328364,943.6694723136904
SleepDB,SleepDB_SubjectST7071J0-PSG_EEG_Fpz-Cz,2908.5936299140003,944.0988839961092
SleepDB,SleepDB_SubjectST7071J0-PSG_EEG_Pz-Oz,2878.9239896090003,953.8285866216796
SleepDB,SleepDB_SubjectST7071J0-PSG_EOG_horizontal,2882.223706749,952.7365948624948
SleepDB,SleepDB_SubjectST7071J0-PSG_EMG_submental,3036.439083312,904.3487864096376
SleepDB,SleepDB_SubjectST7082J0-PSG_EEG_Fpz-Cz,3036.269657796,939.6398612602038
SleepDB,SleepDB_SubjectST7082J0-PSG_EEG_Pz-Oz,3058.1533449220005,932.9159392014618
SleepDB,SleepDB_SubjectST7082J0-PSG_EOG_horizontal,3043.694237652,937.3477679548035
SleepDB,SleepDB_SubjectST7082J0-PSG_EMG_submental,2985.2007408460004,955.7146227933284
SleepDB,SleepDB_SubjectST7092J0-PSG_EEG_Fpz-Cz,3106.044936279,929.4778598594868
SleepDB,SleepDB_SubjectST7092J0-PSG_EEG_Pz-Oz,3160.66145619,913.416397174064
SleepDB,SleepDB_SubjectST7092J0-PSG_EOG_horizontal,3041.463901782,949.2139618387384
SleepDB,SleepDB_SubjectST7092J0-PSG_EMG_submental,3221.247848727,896.2365317964928
SleepDB,SleepDB_SubjectST7101J0-PSG_EEG_Fpz-Cz,3536.0773596340005,932.1063044676008
SleepDB,SleepDB_SubjectST7101J0-PSG_EEG_Pz-Oz,3518.42069708,936.7839390938694
SleepDB,SleepDB_SubjectST7101J0-PSG_EOG_horizontal,3527.597490995,934.3469623203312
SleepDB,SleepDB_SubjectST7101J0-PSG_EMG_submental,3698.764494501,891.1083700787669
SleepDB,SleepDB_SubjectST7112J0-PSG_EEG_Fpz-Cz,3291.91421365,931.6767694864624
SleepDB,SleepDB_SubjectST7112J0-PSG_EEG_Pz-Oz,3361.2264670489994,912.4645512781184
SleepDB,SleepDB_SubjectST7112J0-PSG_EOG_horizontal,3278.856223485001,935.3871566653128
SleepDB,SleepDB_SubjectST7112J0-PSG_EMG_submental,3399.290582472,902.2470793802056
SleepDB,SleepDB_SubjectST7121J0-PSG_EEG_Fpz-Cz,3461.5046407870004,901.3421398420091
SleepDB,SleepDB_SubjectST7121J0-PSG_EEG_Pz-Oz,3315.864303982,940.931146142866
SleepDB,SleepDB_SubjectST7121J0-PSG_EOG_horizontal,3404.297776715,916.488569637015
SleepDB,SleepDB_SubjectST7121J0-PSG_EMG_submental,3518.9472454670004,886.628807527333
SleepDB,SleepDB_SubjectST7132J0-PSG_EEG_Fpz-Cz,2961.298300069,911.0868702207862
SleepDB,SleepDB_SubjectST7132J0-PSG_EEG_Pz-Oz,2912.7824620600004,926.2620999482054
SleepDB,SleepDB_SubjectST7132J0-PSG_EOG_horizontal,2799.763942619,963.6526704734234
SleepDB,SleepDB_SubjectST7132J0-PSG_EMG_submental,2798.789223354,963.9882766044038
SleepDB,SleepDB_SubjectST7141J0-PSG_EEG_Fpz-Cz,2854.267292447,967.3235605180338
SleepDB,SleepDB_SubjectST7141J0-PSG_EEG_Pz-Oz,2886.707009834,956.4531456064782
SleepDB,SleepDB_SubjectST7141J0-PSG_EOG_horizontal,2798.99639886,986.4249918737032
SleepDB,SleepDB_SubjectST7141J0-PSG_EMG_submental,2786.398408258,990.88486119475
SleepDB,SleepDB_SubjectST7151J0-PSG_EEG_Fpz-Cz,3772.89105342,1020.7026774624718
SleepDB,SleepDB_SubjectST7151J0-PSG_EEG_Pz-Oz,3833.023450273001,1004.6899138396136
SleepDB,SleepDB_SubjectST7151J0-PSG_EOG_horizontal,3777.7935180190007,1019.3781056671904
SleepDB,SleepDB_SubjectST7151J0-PSG_EMG_submental,3915.0136981279993,983.6491764617303
SleepDB,SleepDB_SubjectST7162J0-PSG_EEG_Fpz-Cz,3160.17489794,950.580299197426
SleepDB,SleepDB_SubjectST7162J0-PSG_EEG_Pz-Oz,3188.3683867930004,942.1746911189124
SleepDB,SleepDB_SubjectST7162J0-PSG_EOG_horizontal,3228.695677554,930.4066719213916
SleepDB,SleepDB_SubjectST7162J0-PSG_EMG_submental,3233.823471883,928.9313489492432
SleepDB,SleepDB_SubjectST7171J0-PSG_EEG_Fpz-Cz,2999.837576912,964.3855461594768
SleepDB,SleepDB_SubjectST7171J0-PSG_EEG_Pz-Oz,2988.990533745001,967.885300183694
SleepDB,SleepDB_SubjectST7171J0-PSG_EOG_horizontal,3008.028241343999,961.7595873060671
SleepDB,SleepDB_SubjectST7171J0-PSG_EMG_submental,3011.0976777140004,960.7791940500384
SleepDB,SleepDB_SubjectST7182J0-PSG_EEG_Fpz-Cz,3438.835464912001,986.9620209022858
SleepDB,SleepDB_SubjectST7182J0-PSG_EEG_Pz-Oz,3499.0232467610003,969.9849817064752
SleepDB,SleepDB_SubjectST7182J0-PSG_EOG_horizontal,3438.760229564001,986.98361427494
SleepDB,SleepDB_SubjectST7182J0-PSG_EMG_submental,3374.281305381999,1005.8438206045682
SleepDB,SleepDB_SubjectST7192J0-PSG_EEG_Fpz-Cz,3417.1812769040007,962.7818173523332
SleepDB,SleepDB_SubjectST7192J0-PSG_EEG_Pz-Oz,3316.7591697479997,991.9321336345224
SleepDB,SleepDB_SubjectST7192J0-PSG_EOG_horizontal,3289.516789723999,1000.1468939989942
SleepDB,SleepDB_SubjectST7192J0-PSG_EMG_submental,3270.557535923,1005.944694096786
SleepDB,SleepDB_SubjectST7201J0-PSG_EEG_Fpz-Cz,3055.676538694001,952.9804490512572
SleepDB,SleepDB_SubjectST7201J0-PSG_EEG_Pz-Oz,2978.9532561040005,977.5245697572426
SleepDB,SleepDB_SubjectST7201J0-PSG_EOG_horizontal,2962.485944285999,982.9582501873552
SleepDB,SleepDB_SubjectST7201J0-PSG_EMG_submental,3080.5131753430005,945.2970444366832
SleepDB,SleepDB_SubjectST7212J0-PSG_EEG_Fpz-Cz,3227.465977685001,979.7159820931844
SleepDB,SleepDB_SubjectST7212J0-PSG_EEG_Pz-Oz,3228.0002148660005,979.5538381434897
SleepDB,SleepDB_SubjectST7212J0-PSG_EOG_horizontal,3204.2948209040005,986.8005838201652
SleepDB,SleepDB_SubjectST7212J0-PSG_EMG_submental,3284.2821959189987,962.7674515694952
SleepDB,SleepDB_SubjectST7221J0-PSG_EEG_Fpz-Cz,3442.3212093,957.4934468913914
SleepDB,SleepDB_SubjectST7221J0-PSG_EEG_Pz-Oz,3376.433315959,976.178023247542
SleepDB,SleepDB_SubjectST7221J0-PSG_EOG_horizontal,3362.9465482569994,980.0928895846716
SleepDB,SleepDB_SubjectST7221J0-PSG_EMG_submental,3303.825705314999,997.6313201684916
SleepDB,SleepDB_SubjectST7241J0-PSG_EEG_Fpz-Cz,3267.197463365,998.1031255580688
SleepDB,SleepDB_SubjectST7241J0-PSG_EEG_Pz-Oz,3371.972709862001,967.089677346012
SleepDB,SleepDB_SubjectST7241J0-PSG_EOG_horizontal,3295.6961190859997,989.4722942187942
SleepDB,SleepDB_SubjectST7241J0-PSG_EMG_submental,3303.1592426120005,987.2366908418672
