name,dataset,default,knn-fft,knn-naive
UTSA,Cane,29666666.666666664,11608695.652173912,884105.9602649006
UTSA,DutchFactory,33696153.84615385,6000684.93150685,960635.9649122808
UTSA,EEGRat,10526315.789473685,6896551.724137931,743494.4237918216
UTSA,EEGRat2,10000000.0,9090909.09090909,684931.5068493151
UTSA,Fetal2013,11077.809301667206,3755.9312414187407,218.34601438463545
UTSA,GrandMalSeizures,10913.353937972932,2981.815005168674,221.5270656749869
UTSA,GrandMalSeizures2,108496.25623960065,38263.77173036015,2241.968410873536
UTSA,GreatBarbet1,29374999.999999996,13055555.555555554,932539.6825396825
UTSA,GreatBarbet2,29374999.999999996,11750000.0,797962.648556876
UTSA,InsectEPG1,10855.143439090263,4108.526382437808,245.03311067379275
UTSA,InsectEPG2,20002000.0,7143571.428571429,435583.62369337975
UTSA,InsectEPG3,30439130.43478261,4403144.65408805,869689.4409937889
UTSA,InsectEPG4,8247.033394387103,2667.4284815830774,212.42307754655312
UTSA,NogunGun,38857894.7368421,12513559.322033897,910357.5832305796
UTSA,PigInternalBleedingDatasetAirwayPressure,11479.984972436692,4651.271154849773,279.8674849047632
UTSA,PigInternalBleedingDatasetArtPressureFluidFilled,12841.007521247308,927.3217105874338,289.5568656383043
UTSA,PigInternalBleedingDatasetCVP,13155.097127896044,1197.5880274790184,283.3977522373432
UTSA,Powerdemand,42677777.777777776,10381081.081081081,981098.3397190294
UTSA,PulsusParadoxusECG1,10105.315369353571,709.3516523468402,237.4665929188847
UTSA,PulsusParadoxusECG2,11040.04940014114,3518.2377686971017,244.74085141208946
UTSA,PulsusParadoxusSP02,11294.252636464429,3499.1961495062064,236.00647041082857
UTSA,RoboticDogActivityX,24385.981757081132,6662.923942243116,481.75119347134
UTSA,RoboticDogActivityY,13465.678505666046,956.2750876645132,321.65648164398215
UTSA,RoboticDogActivityZ,58657.2815016264,3426.5991315128745,1077.2833264942165
UTSA,SimpleSynthetic,40005000.0,3883980.5825242717,979314.5654834762
UTSA,SuddenCardiacDeath1,34763.46359975665,13058.097652806946,603.119030063976
UTSA,SuddenCardiacDeath2,24379.39300369723,1831.6991867933282,578.6456095788727
UTSA,SuddenCardiacDeath3,24630.066700872234,1841.1411669407694,598.8773980546091
UTSA,TiltABP,5808.01884121312,1970.4404377727521,133.72406613965566
UTSA,TiltECG,5178.368917358411,2041.638190067328,144.0655025501755
UTSA,WalkJogRun1,26318421.05263158,1538615.3846153845,469310.1830126701
UTSA,WalkJogRun2,27780555.555555552,1577444.7949526813,488091.7520741825
TSSB,Adiac,7410526.315789473,6121739.130434782,707537.688442211
TSSB,ArrowHead,5792307.692307693,2788888.888888889,678378.3783783783
TSSB,Beef,7421052.631578947,5222222.222222222,701492.5373134328
TSSB,BeetleFly,12190476.19047619,8258064.516129033,888888.8888888889
TSSB,BirdChicken,12800000.0,8533333.333333334,888888.8888888889
TSSB,Car,9404347.826086957,2253125.0,928326.1802575107
TSSB,CBF,5647058.823529411,4000000.0,574850.2994011976
TSSB,ChlorineConcentration,31204000.0,11819696.96969697,1088005.5788005579
TSSB,CinCECGTorso,31169565.217391305,7467708.333333333,929831.3878080415
TSSB,Coffee,5263157.894736842,3703703.703703704,330033.00330033
TSSB,Computers,33908.01133281091,2756.474652684193,1022.5144038195687
TSSB,CricketX,15460000.0,2642735.0427350425,863687.1508379888
TSSB,CricketY,15370000.0,8089473.684210526,751589.2420537898
TSSB,CricketZ,13585000.0,6037777.777777778,718783.0687830688
TSSB,DiatomSizeReduction,6805263.157894736,2394444.4444444445,630731.7073170731
TSSB,DistalPhalanxOutlineAgeGroup,6217391.304347826,5107142.857142857,593360.9958506224
TSSB,DistalPhalanxTW,12285714.285714285,6615384.615384616,924731.182795699
TSSB,ECG200,11428571.428571427,7741935.483870967,987654.3209876544
TSSB,ECGFiveDays,3910000.0,2792857.142857143,517880.7947019867
TSSB,FaceAll,57312499.99999999,12915492.957746478,1162230.6717363752
TSSB,FaceFour,46666666.666666664,16800000.0,1005988.0239520959
TSSB,FacesUCR,38135294.11764706,3704571.4285714286,713201.3201320132
TSSB,FiftyWords,27347368.42105263,3792700.7299270076,854605.2631578947
TSSB,Fish,457065.46275395027,69767.76238715457,9862.928288211053
TSSB,GunPoint,9375000.0,5514705.882352941,699626.8656716418
TSSB,Haptics,29340000.0,10294736.842105264,1051612.9032258065
TSSB,InlineSkate,20087500.0,3214000.0,781361.4262560778
TSSB,InsectWingbeatSound,6736842.105263158,5120000.0,699453.5519125683
TSSB,ItalyPowerDemand,7657142.857142857,4872727.2727272725,737614.6788990826
TSSB,LargeKitchenAppliances,33744000.0,15338181.818181816,1110000.0
TSSB,Lightning2,5970000.0,2985000.0,588177.3399014778
TSSB,Lightning7,36327777.777777776,12337735.849056603,901931.0344827586
TSSB,Mallat,18895238.095238093,13226666.666666668,877876.1061946903
TSSB,Meat,16000000.0,9882352.94117647,732026.1437908496
TSSB,MedicalImages,10756521.739130434,2779775.2808988765,349435.02824858757
TSSB,MoteStrain,8400000.0,5793103.448275862,774193.5483870967
TSSB,NonInvasiveFetalECGThorax1,28272.89489858635,3313.0513416257427,587.1149539880562
TSSB,NonInvasiveFetalECGThorax2,18507.051492292554,5454.299412310547,393.89536182417646
TSSB,OliveOil,39000000.0,16108695.652173912,1101040.1188707282
TSSB,OSULeaf,10400000.0,6933333.333333334,391713.74764595105
TSSB,Plane,19894736.842105262,13500000.000000002,818181.8181818182
TSSB,ProximalPhalanxOutlineAgeGroup,16000000.0,14285714.285714287,1052631.5789473683
TSSB,ProximalPhalanxTW,26666666.666666668,14814814.814814815,997506.2344139651
TSSB,ShapesAll,37647058.82352941,18285714.285714287,1066666.6666666667
TSSB,SonyAIBORobotSurface1,6666666.666666666,4375000.0,336538.46153846156
TSSB,SonyAIBORobotSurface2,8775000.0,2543478.2608695654,438750.0
TSSB,SwedishLeaf,18133333.333333332,15006896.551724138,973601.7897091722
TSSB,Symbols,9942105.263157895,6746428.571428572,764777.3279352227
TSSB,SyntheticControl,23437499.999999996,12500000.000000002,956632.6530612245
TSSB,ToeSegmentation1,13850000.0,4261538.461538462,708439.8976982096
TSSB,ToeSegmentation2,11869230.76923077,2967307.6923076925,816402.1164021164
TSSB,Trace,18164285.714285716,3556643.3566433564,799685.5345911949
TSSB,TwoLeadECG,1744444.4444444445,1471874.9999999998,457281.5533980582
TSSB,UWaveGestureLibraryAll,40280952.38095238,17622916.666666668,1176495.1321279556
TSSB,UWaveGestureLibraryX,14090000.0,2328925.619834711,821574.3440233236
TSSB,UWaveGestureLibraryY,12809090.909090908,3567088.6075949366,702743.1421446385
TSSB,UWaveGestureLibraryZ,13419047.61904762,2388135.5932203387,911974.1100323625
TSSB,WordSynonyms,9211538.461538462,2851190.476190476,858422.9390681004
TSSB,Yoga,9874.69632248852,819.7987505433591,320.4623452732004
TSSB,Crop,10532.367951072825,599.5243773273203,230.19146814783943
TSSB,EOGHorizontalSignal,25775000.0,3965384.6153846155,905975.39543058
TSSB,EOGVerticalSignal,47141176.47058823,4027135.67839196,1075704.6979865772
TSSB,FreezerRegularTrain,45039.508340649685,2766.0612180374833,1017.3910221507462
TSSB,Ham,34529411.76470588,4348148.148148148,970247.9338842975
TSSB,MelbournePedestrian,28799999.999999996,14836363.636363637,875849.7316636851
TSSB,MiddlePhalanxOutlineAgeGroup,166456.820016142,10257.634536954141,3828.3906799922775
TSSB,MiddlePhalanxOutlineCorrect,41789473.684210524,6015151.515151516,1154069.7674418604
TSSB,ProximalPhalanxOutlineCorrect,31578947.36842105,18181818.181818184,1054481.546572935
TSSB,Strawberry,25856521.739130434,3604242.4242424243,1093198.5294117646
TSSB,Chinatown,1333333.3333333333,1142857.1428571427,387096.77419354836
TSSB,DodgerLoopDay,15026086.956521738,11148387.096774194,712577.3195876288
TSSB,Herring,22690909.09090909,13866666.666666666,837583.8926174496
TSSB,MiddlePhalanxTW,30545454.545454543,16390243.902439024,1032258.064516129
TSSB,ShapeletSim,11363636.363636363,8333333.333333334,664893.6170212766
TSSB,UMD,8181818.181818182,6206896.551724138,837209.3023255814
PAMAP,PAMAP_Indoor_Subject1_IMU_Shoe_X-Acc,3523.262368163169,693.2715562887289,43.313021773013304
PAMAP,PAMAP_Indoor_Subject1_IMU_Shoe_Y-Acc,3622.013681089556,585.4668848334143,41.69327280811784
PAMAP,PAMAP_Indoor_Subject1_IMU_Shoe_Z-Acc,3601.7431221291954,280.7527741948325,43.4047178898478
PAMAP,PAMAP_Indoor_Subject1_IMU_Shoe_X-Gyro,3634.667150712526,1362.470255560702,58.07430320522753
PAMAP,PAMAP_Indoor_Subject1_IMU_Shoe_Y-Gyro,3756.06453930212,1375.9572148417521,41.23011573976906
PAMAP,PAMAP_Indoor_Subject1_IMU_Shoe_Z-Gyro,3724.67599681608,1373.1627805402466,43.35476494397862
PAMAP,PAMAP_Indoor_Subject1_IMU_Shoe_X-Mag,3657.256016563681,285.5593364908442,80.76209708078522
PAMAP,PAMAP_Indoor_Subject1_IMU_Shoe_Y-Mag,3772.060586630282,281.34894576089374,39.90074056291194
PAMAP,PAMAP_Indoor_Subject1_IMU_Shoe_Z-Mag,3893.3998881212215,1467.7760090866122,82.71463986772537
PAMAP,PAMAP_Indoor_Subject2_IMU_Shoe_X-Acc,3650.953116808917,676.3153353800861,84.58067874860494
PAMAP,PAMAP_Indoor_Subject2_IMU_Shoe_Y-Acc,3621.462255821143,668.4272225722897,41.65029635782985
PAMAP,PAMAP_Indoor_Subject2_IMU_Shoe_Z-Acc,3573.2581040252135,1080.4876091539793,42.441684409551776
PAMAP,PAMAP_Indoor_Subject2_IMU_Shoe_X-Gyro,3698.168380284425,1320.501096777012,87.71125963150718
PAMAP,PAMAP_Indoor_Subject2_IMU_Shoe_Y-Gyro,3718.022811482278,572.7269176753231,59.1076407743386
PAMAP,PAMAP_Indoor_Subject2_IMU_Shoe_Z-Gyro,3717.1560447601373,671.3696133516626,88.9029522157453
PAMAP,PAMAP_Indoor_Subject2_IMU_Shoe_X-Mag,3772.37120637544,279.80086257396727,42.45686354284939
PAMAP,PAMAP_Indoor_Subject2_IMU_Shoe_Y-Mag,3842.186136723476,334.87407547495263,41.240606828308316
PAMAP,PAMAP_Indoor_Subject2_IMU_Shoe_Z-Mag,3799.995039729203,1219.0950679963835,85.50941293460235
PAMAP,PAMAP_Indoor_Subject3_IMU_Shoe_X-Acc,3662.729557722872,1372.399991647192,41.42016641066337
PAMAP,PAMAP_Indoor_Subject3_IMU_Shoe_Y-Acc,3667.2803756504654,280.65684508624554,43.99244151824224
PAMAP,PAMAP_Indoor_Subject3_IMU_Shoe_Z-Acc,3781.6975162459794,280.75696573990496,89.00151462359207
PAMAP,PAMAP_Indoor_Subject3_IMU_Shoe_X-Gyro,3612.6733329650297,573.2801715395802,87.95951137323222
PAMAP,PAMAP_Indoor_Subject3_IMU_Shoe_Y-Gyro,3659.9344275507265,697.5732147587943,88.83048994736357
PAMAP,PAMAP_Indoor_Subject3_IMU_Shoe_Z-Gyro,3533.863739838717,687.3128540526212,42.37077664733606
PAMAP,PAMAP_Indoor_Subject3_IMU_Shoe_X-Mag,3595.355996214026,1102.7217715587058,43.31526104257395
PAMAP,PAMAP_Indoor_Subject3_IMU_Shoe_Y-Mag,3823.1873068287155,1142.4302704451613,38.88851112909108
PAMAP,PAMAP_Indoor_Subject3_IMU_Shoe_Z-Mag,3953.373014373621,361.01152787931164,39.654093665585236
PAMAP,PAMAP_Indoor_Subject4_IMU_Shoe_X-Acc,3729.6754713641153,377.0175911041119,47.84876744261578
PAMAP,PAMAP_Indoor_Subject4_IMU_Shoe_Y-Acc,3696.7290497585986,375.15281493095114,93.44668870441414
PAMAP,PAMAP_Indoor_Subject4_IMU_Shoe_Z-Acc,3742.7405045361966,377.1925294816653,47.193960649359475
PAMAP,PAMAP_Indoor_Subject4_IMU_Shoe_X-Gyro,3751.504871230234,367.6293327666075,43.08041019400246
PAMAP,PAMAP_Indoor_Subject4_IMU_Shoe_Y-Gyro,3695.3696764832503,380.4469566056003,42.66712249448738
PAMAP,PAMAP_Indoor_Subject4_IMU_Shoe_Z-Gyro,3649.0572957036666,374.3395025692055,46.04724399384305
PAMAP,PAMAP_Indoor_Subject4_IMU_Shoe_X-Mag,3771.962511617214,367.37522052387305,97.59008305236613
PAMAP,PAMAP_Indoor_Subject4_IMU_Shoe_Y-Mag,3683.322837555153,370.44848955810517,42.374773319188655
PAMAP,PAMAP_Indoor_Subject4_IMU_Shoe_Z-Mag,3766.3588580327896,375.92884798215437,98.37779137675496
PAMAP,PAMAP_Indoor_Subject5_IMU_Shoe_X-Acc,3658.2438020897594,281.1503789821949,40.72172785520904
PAMAP,PAMAP_Indoor_Subject5_IMU_Shoe_Y-Acc,3544.3962338326473,867.5474969242623,79.24205312449159
PAMAP,PAMAP_Indoor_Subject5_IMU_Shoe_Z-Acc,3469.185218651566,1090.4898324269454,43.600394928727944
PAMAP,PAMAP_Indoor_Subject5_IMU_Shoe_X-Gyro,3657.0927076212174,1085.253972694127,86.56261179539466
PAMAP,PAMAP_Indoor_Subject5_IMU_Shoe_Y-Gyro,3696.6696976401145,687.3767494462463,87.25651367672117
PAMAP,PAMAP_Indoor_Subject5_IMU_Shoe_Z-Gyro,3604.4893139075584,571.3567427682804,41.47624038515853
PAMAP,PAMAP_Indoor_Subject5_IMU_Shoe_X-Mag,3736.1718179805325,375.1574924492968,66.75783921070627
PAMAP,PAMAP_Indoor_Subject5_IMU_Shoe_Y-Mag,3644.761122548027,368.7811585745221,36.24370505936692
PAMAP,PAMAP_Indoor_Subject5_IMU_Shoe_Z-Mag,3756.0832307152414,1568.7768865953824,40.17460374240484
PAMAP,PAMAP_Indoor_Subject6_IMU_Shoe_X-Acc,3621.8853086104928,329.23888521514164,40.42066539660629
PAMAP,PAMAP_Indoor_Subject6_IMU_Shoe_Y-Acc,3763.6323537205776,357.63042792591,39.43619003123733
PAMAP,PAMAP_Indoor_Subject6_IMU_Shoe_Z-Acc,3623.0953815161906,1425.6200822426629,74.60882517383237
PAMAP,PAMAP_Indoor_Subject6_IMU_Shoe_X-Gyro,3724.3027928887373,1417.870401252257,79.35583088722348
PAMAP,PAMAP_Indoor_Subject6_IMU_Shoe_Y-Gyro,3662.7610969315606,356.44747483988283,75.33409786077486
PAMAP,PAMAP_Indoor_Subject6_IMU_Shoe_Z-Gyro,3698.0212489794912,1540.3204091288046,69.09816375987548
PAMAP,PAMAP_Indoor_Subject6_IMU_Shoe_X-Mag,3722.026470448997,1596.3442792647704,65.9953666839706
PAMAP,PAMAP_Indoor_Subject6_IMU_Shoe_Y-Mag,3876.1637236339056,1651.6540924843264,76.32438046609218
PAMAP,PAMAP_Indoor_Subject6_IMU_Shoe_Z-Mag,3865.0503863470226,364.43251852519546,40.154299837577916
PAMAP,PAMAP_Indoor_Subject7_IMU_Shoe_X-Acc,3670.7368401996764,277.84705826761467,82.66240936870874
PAMAP,PAMAP_Indoor_Subject7_IMU_Shoe_Y-Acc,3504.215551974976,1365.7931808219366,77.71293907919869
PAMAP,PAMAP_Indoor_Subject7_IMU_Shoe_Z-Acc,3487.5261788863477,1346.380060311751,82.17469870332515
PAMAP,PAMAP_Indoor_Subject7_IMU_Shoe_X-Gyro,3607.8915886572104,1348.3687763458804,87.68796377421911
PAMAP,PAMAP_Indoor_Subject7_IMU_Shoe_Y-Gyro,3702.2286633725516,566.8640256693672,76.80274502285845
PAMAP,PAMAP_Indoor_Subject7_IMU_Shoe_Z-Gyro,3580.4427022117457,1362.6279655628048,79.58016611718853
PAMAP,PAMAP_Indoor_Subject7_IMU_Shoe_X-Mag,3643.104246423555,1430.5358082606683,75.8359639325343
PAMAP,PAMAP_Indoor_Subject7_IMU_Shoe_Y-Mag,3848.2592803685156,331.6095541022858,76.27428326774259
PAMAP,PAMAP_Indoor_Subject7_IMU_Shoe_Z-Mag,3563.358682206409,601.4673779541062,69.66621079852358
PAMAP,PAMAP_Indoor_Subject8_IMU_Shoe_X-Acc,3616.2067030492394,352.99841672463623,66.84092511634073
PAMAP,PAMAP_Indoor_Subject8_IMU_Shoe_Y-Acc,3683.921248079823,356.95669797699384,68.03808065393186
PAMAP,PAMAP_Indoor_Subject8_IMU_Shoe_Z-Acc,3524.820724974987,344.8635338751843,68.34327060745458
PAMAP,PAMAP_Indoor_Subject8_IMU_Shoe_X-Gyro,3663.6159892362007,354.3421217179113,70.04819449280481
PAMAP,PAMAP_Indoor_Subject8_IMU_Shoe_Y-Gyro,3637.4621408679764,1624.66259745772,67.09556555294157
PAMAP,PAMAP_Indoor_Subject8_IMU_Shoe_Z-Gyro,3676.7771004071897,344.575815355489,68.88721838462392
PAMAP,PAMAP_Indoor_Subject8_IMU_Shoe_X-Mag,3955.3453423380697,858.2916694426674,66.45039682400288
PAMAP,PAMAP_Indoor_Subject8_IMU_Shoe_Y-Mag,3830.5825805342893,364.6999841000243,41.01611696891621
PAMAP,PAMAP_Indoor_Subject8_IMU_Shoe_Z-Mag,3730.2734902537286,332.4311501375565,43.33359169119898
PAMAP,PAMAP_Outdoor_Subject2_IMU_Shoe_X-Acc,3465.6857014364823,379.14866961371564,93.72996969903481
PAMAP,PAMAP_Outdoor_Subject2_IMU_Shoe_Y-Acc,3593.031937182065,381.7055888550309,44.96319457657713
PAMAP,PAMAP_Outdoor_Subject2_IMU_Shoe_Z-Acc,3580.6224243270035,373.5217430700625,43.54320583141987
PAMAP,PAMAP_Outdoor_Subject2_IMU_Shoe_X-Gyro,3450.0853851769243,377.31124025042317,53.69196518625753
PAMAP,PAMAP_Outdoor_Subject2_IMU_Shoe_Y-Gyro,3507.139084924549,386.2038636348233,42.265257912077765
PAMAP,PAMAP_Outdoor_Subject2_IMU_Shoe_Z-Gyro,3564.004537083946,382.6520081126656,88.71483688937121
PAMAP,PAMAP_Outdoor_Subject2_IMU_Shoe_X-Mag,3576.9442634997226,377.4935025677118,46.50588988511329
PAMAP,PAMAP_Outdoor_Subject2_IMU_Shoe_Y-Mag,3396.7103086595293,387.2654647195874,48.67309073956091
PAMAP,PAMAP_Outdoor_Subject2_IMU_Shoe_Z-Mag,3538.6950250501745,386.5817655105789,69.48828424771767
PAMAP,PAMAP_Outdoor_Subject3_IMU_Shoe_X-Acc,3894.2331016378616,333.06119571460715,51.76839759267737
PAMAP,PAMAP_Outdoor_Subject3_IMU_Shoe_Y-Acc,3821.5532554910437,335.62898812239837,59.86058066456551
PAMAP,PAMAP_Outdoor_Subject3_IMU_Shoe_Z-Acc,3769.987034738198,1352.7724262601848,51.31781749995907
PAMAP,PAMAP_Outdoor_Subject3_IMU_Shoe_X-Gyro,4004.968303832789,344.95361945033056,74.41518226722891
PAMAP,PAMAP_Outdoor_Subject3_IMU_Shoe_Y-Gyro,3777.320105693902,291.4401187977936,52.21755721027979
PAMAP,PAMAP_Outdoor_Subject3_IMU_Shoe_Z-Gyro,3879.8810863640433,336.5902377347799,53.45453012976508
PAMAP,PAMAP_Outdoor_Subject3_IMU_Shoe_X-Mag,4673.435829558962,1511.9263930685481,52.759293821002366
PAMAP,PAMAP_Outdoor_Subject3_IMU_Shoe_Y-Mag,4000.751731348408,335.40758589379453,74.52867234369504
PAMAP,PAMAP_Outdoor_Subject3_IMU_Shoe_Z-Mag,4210.706406042046,346.67192161885123,53.85467011862539
PAMAP,PAMAP_Outdoor_Subject4_IMU_Shoe_X-Acc,3925.6861014201413,1452.286615567547,73.3527678813621
PAMAP,PAMAP_Outdoor_Subject4_IMU_Shoe_Y-Acc,3985.254026831671,371.67527207672316,40.472950696099
PAMAP,PAMAP_Outdoor_Subject4_IMU_Shoe_Z-Acc,3955.5274796868316,1176.2964009458383,40.816272158805184
PAMAP,PAMAP_Outdoor_Subject4_IMU_Shoe_X-Gyro,4070.925089061589,1193.9094654481787,75.14785703239762
PAMAP,PAMAP_Outdoor_Subject4_IMU_Shoe_Y-Gyro,3983.1575626738177,1748.2055983050655,80.10567908663299
PAMAP,PAMAP_Outdoor_Subject4_IMU_Shoe_Z-Gyro,4250.650631024233,1120.456407930434,42.555513368813536
PAMAP,PAMAP_Outdoor_Subject4_IMU_Shoe_X-Mag,4835.305764534953,376.2998671215784,51.98542460375514
PAMAP,PAMAP_Outdoor_Subject4_IMU_Shoe_Y-Mag,4504.5226051852405,388.17296464678856,39.5152256758683
PAMAP,PAMAP_Outdoor_Subject4_IMU_Shoe_Z-Mag,4692.48047373526,1311.5280376732044,40.305802302646484
PAMAP,PAMAP_Outdoor_Subject5_IMU_Shoe_X-Acc,3689.939415676059,370.436430880065,50.504789117508196
PAMAP,PAMAP_Outdoor_Subject5_IMU_Shoe_Y-Acc,4184.2462926729,377.13883313808645,68.76890695818354
PAMAP,PAMAP_Outdoor_Subject5_IMU_Shoe_Z-Acc,4187.7804907992195,1293.3885860843925,50.32388998630681
PAMAP,PAMAP_Outdoor_Subject5_IMU_Shoe_X-Gyro,4359.35629624686,354.15890242741244,72.85181611892362
PAMAP,PAMAP_Outdoor_Subject5_IMU_Shoe_Y-Gyro,4422.3306942610625,302.1189897435109,52.792269858843696
PAMAP,PAMAP_Outdoor_Subject5_IMU_Shoe_Z-Gyro,4325.585091453827,350.7613356584735,71.57214942050597
PAMAP,PAMAP_Outdoor_Subject5_IMU_Shoe_X-Mag,4874.7127590249875,350.66662204358266,55.26371543595738
PAMAP,PAMAP_Outdoor_Subject5_IMU_Shoe_Y-Mag,4536.341622421615,1639.466475158293,63.92773998516112
PAMAP,PAMAP_Outdoor_Subject5_IMU_Shoe_Z-Mag,5135.061267405151,1287.4369118087136,63.13514311393346
PAMAP,PAMAP_Outdoor_Subject6_IMU_Shoe_X-Acc,4173.289789312447,353.5466113603985,73.15346982869613
PAMAP,PAMAP_Outdoor_Subject6_IMU_Shoe_Y-Acc,4122.487948122505,358.14854070177927,54.71075532210729
PAMAP,PAMAP_Outdoor_Subject6_IMU_Shoe_Z-Acc,4187.842929788618,353.5429469498077,72.22741993618845
PAMAP,PAMAP_Outdoor_Subject6_IMU_Shoe_X-Gyro,4420.669794742955,354.9463093521368,61.906897278290494
PAMAP,PAMAP_Outdoor_Subject6_IMU_Shoe_Y-Gyro,4349.081015689119,928.348112540993,78.42597404534753
PAMAP,PAMAP_Outdoor_Subject6_IMU_Shoe_Z-Gyro,4260.50866460788,1464.9724231284722,76.53860822862654
PAMAP,PAMAP_Outdoor_Subject6_IMU_Shoe_X-Mag,4956.045414399531,363.94773401368826,76.36426794093926
PAMAP,PAMAP_Outdoor_Subject6_IMU_Shoe_Y-Mag,4599.492696765809,639.9387124254358,71.47766134777522
PAMAP,PAMAP_Outdoor_Subject6_IMU_Shoe_Z-Mag,5079.831153073006,396.0386716404016,74.84666605659376
PAMAP,PAMAP_Outdoor_Subject7_IMU_Shoe_X-Acc,4783.595311561269,1679.2123257462358,51.20993613136967
PAMAP,PAMAP_Outdoor_Subject7_IMU_Shoe_Y-Acc,4537.518436466636,341.98325483944336,102.36121630629296
PAMAP,PAMAP_Outdoor_Subject7_IMU_Shoe_Z-Acc,4586.076680004305,350.24022396247574,99.58154878331513
PAMAP,PAMAP_Outdoor_Subject7_IMU_Shoe_X-Gyro,4984.952891384334,1472.697256295347,103.41788926520269
PAMAP,PAMAP_Outdoor_Subject7_IMU_Shoe_Y-Gyro,4901.70962513724,1586.573649051703,106.57611154803408
PAMAP,PAMAP_Outdoor_Subject7_IMU_Shoe_Z-Gyro,4826.884958941488,362.0683096675579,102.90501555895737
PAMAP,PAMAP_Outdoor_Subject7_IMU_Shoe_X-Mag,4961.520499247874,371.93192362453027,102.12959625394457
PAMAP,PAMAP_Outdoor_Subject7_IMU_Shoe_Y-Mag,4882.716885227119,375.9486307127235,99.88655889206517
PAMAP,PAMAP_Outdoor_Subject7_IMU_Shoe_Z-Mag,5123.609014338508,378.9882342050676,53.25298383630935
PAMAP,PAMAP_Outdoor_Subject8_IMU_Shoe_X-Acc,4351.9145170106995,408.41723552444233,85.79876633241507
PAMAP,PAMAP_Outdoor_Subject8_IMU_Shoe_Y-Acc,4479.181049850485,1614.7438113173137,86.86647883556881
PAMAP,PAMAP_Outdoor_Subject8_IMU_Shoe_Z-Acc,4370.399769358515,413.0024746656977,81.75468004460204
PAMAP,PAMAP_Outdoor_Subject8_IMU_Shoe_X-Gyro,4443.135531285295,1285.8218314983644,87.28693447548167
PAMAP,PAMAP_Outdoor_Subject8_IMU_Shoe_Y-Gyro,4526.095952973896,377.7049074918949,90.30833115870526
PAMAP,PAMAP_Outdoor_Subject8_IMU_Shoe_Z-Gyro,4167.323771637128,1572.7542787509428,86.39603230662549
PAMAP,PAMAP_Outdoor_Subject8_IMU_Shoe_X-Mag,5141.158242707022,417.2020009187922,85.39852464747538
PAMAP,PAMAP_Outdoor_Subject8_IMU_Shoe_Y-Mag,5217.1457839311,420.0924384569109,86.22247982377856
PAMAP,PAMAP_Outdoor_Subject8_IMU_Shoe_Z-Mag,5160.101899214269,421.2253790889114,85.62678722064709
mHealth,mHealth_Subject1_Ankle_X-Acc,5281.730324525944,1872.4942865341077,46.80466168788409
mHealth,mHealth_Subject1_Ankle_Y-Acc,5916.429217814886,2219.016009543775,82.8351484696516
mHealth,mHealth_Subject1_Ankle_Z-Acc,5976.362326523399,2249.0848346308167,79.63662118122205
mHealth,mHealth_Subject1_Ankle_X-Gyro,5449.202077804579,494.6951142845008,71.27921880051305
mHealth,mHealth_Subject1_Ankle_Y-Gyro,5808.076221299361,509.4620695249014,46.02831300017056
mHealth,mHealth_Subject1_Ankle_Z-Gyro,5635.125089715984,2302.421424157686,82.67352267263891
mHealth,mHealth_Subject1_Ankle_X-Mag,6010.399525647663,2590.8308130173527,45.521583531969895
mHealth,mHealth_Subject1_Ankle_Y-Mag,5755.99139235949,2472.760199063734,46.02202742928012
mHealth,mHealth_Subject1_Ankle_Z-Mag,5494.804196634444,1966.6671885169092,86.5233839690525
mHealth,mHealth_Subject2_Ankle_X-Acc,5198.864010464446,1528.3290578659137,83.63739924973497
mHealth,mHealth_Subject2_Ankle_Y-Acc,5551.337214207374,1804.3325919380886,48.69178712672027
mHealth,mHealth_Subject2_Ankle_Z-Acc,5333.093185041763,2019.4040564264642,51.29321569269249
mHealth,mHealth_Subject2_Ankle_X-Gyro,5167.471629952486,2229.8155940244555,46.82808332820994
mHealth,mHealth_Subject2_Ankle_Y-Gyro,5312.219210522775,1939.7017623925392,81.13757937043022
mHealth,mHealth_Subject2_Ankle_Z-Gyro,5226.170269721689,2223.6616069165566,62.24167894599186
mHealth,mHealth_Subject2_Ankle_X-Mag,6052.079359023272,1795.8878353516768,49.88662838290539
mHealth,mHealth_Subject2_Ankle_Y-Mag,5262.277091500413,1553.0141113963755,47.82268620642154
mHealth,mHealth_Subject2_Ankle_Z-Mag,5293.281649897358,484.5965480065218,84.71593779496469
mHealth,mHealth_Subject3_Ankle_X-Acc,5716.529300848108,2231.5149450951453,80.85898293934882
mHealth,mHealth_Subject3_Ankle_Y-Acc,5710.7899710909405,2231.336209642173,47.636193263348254
mHealth,mHealth_Subject3_Ankle_Z-Acc,5909.213897509044,489.20107297917644,49.934677030610295
mHealth,mHealth_Subject3_Ankle_X-Gyro,5750.666820537909,504.73132116062516,47.57208956530956
mHealth,mHealth_Subject3_Ankle_Y-Gyro,5794.044482147039,507.2477066324716,81.95009350487138
mHealth,mHealth_Subject3_Ankle_Z-Gyro,5555.686413064813,490.09748202375636,49.04903786388861
mHealth,mHealth_Subject3_Ankle_X-Mag,6271.681884978985,2017.854993905941,80.77671676208199
mHealth,mHealth_Subject3_Ankle_Y-Mag,6219.215935817973,1996.3593808013202,47.63218817412319
mHealth,mHealth_Subject3_Ankle_Z-Mag,6026.086926900055,2285.3540328618146,48.376359214348234
mHealth,mHealth_Subject4_Ankle_X-Acc,4998.776058285095,812.9699637422025,50.48910679084918
mHealth,mHealth_Subject4_Ankle_Y-Acc,5837.544159977263,2015.4455881606264,52.26497073780037
mHealth,mHealth_Subject4_Ankle_Z-Acc,5528.500068855866,482.0788339718203,51.32003831338368
mHealth,mHealth_Subject4_Ankle_X-Gyro,5767.638987071464,504.4918452766009,81.19735390584255
mHealth,mHealth_Subject4_Ankle_Y-Gyro,5411.383389038148,504.4710978672217,48.93341757246285
mHealth,mHealth_Subject4_Ankle_Z-Gyro,5704.845921684325,2368.563434899704,79.7210791239157
mHealth,mHealth_Subject4_Ankle_X-Mag,6293.713768567773,835.816912374789,50.23070750110761
mHealth,mHealth_Subject4_Ankle_Y-Mag,5462.017272887503,1544.9871229206763,49.07610086544554
mHealth,mHealth_Subject4_Ankle_Z-Mag,5938.1276946221005,483.4904595212229,84.71209087174947
mHealth,mHealth_Subject5_Ankle_X-Acc,6096.836010251492,2006.9857553495779,50.2624062726867
mHealth,mHealth_Subject5_Ankle_Y-Acc,6078.4520870002725,491.20456317998776,50.406120660495844
mHealth,mHealth_Subject5_Ankle_Z-Acc,5700.5303053201815,2234.968263279485,48.93412771901032
mHealth,mHealth_Subject5_Ankle_X-Gyro,6046.287126949408,1263.5160711487547,47.64785875741313
mHealth,mHealth_Subject5_Ankle_Y-Gyro,5972.199986981388,520.6512841898357,49.88521492427733
mHealth,mHealth_Subject5_Ankle_Z-Gyro,6113.701484527096,520.9238061274033,47.387812282395515
mHealth,mHealth_Subject5_Ankle_X-Mag,6485.576675079236,2546.0237269881363,49.23525453656307
mHealth,mHealth_Subject5_Ankle_Y-Mag,6334.080926667438,510.6509080461326,49.46542601757552
mHealth,mHealth_Subject5_Ankle_Z-Mag,6708.760696428924,2035.4603125112424,86.97681385229832
mHealth,mHealth_Subject6_Ankle_X-Acc,6986.885352598521,2559.2347010133635,86.0309924212586
mHealth,mHealth_Subject6_Ankle_Y-Acc,6606.086091424702,2098.6936682728083,51.817390592056775
mHealth,mHealth_Subject6_Ankle_Z-Acc,6502.960204831636,2410.5953919865387,85.5301406701914
mHealth,mHealth_Subject6_Ankle_X-Gyro,6485.477404036884,529.0009298786723,51.05409870167391
mHealth,mHealth_Subject6_Ankle_Y-Gyro,6422.9130767758,529.5339525726339,50.47932711284236
mHealth,mHealth_Subject6_Ankle_Z-Gyro,7077.788644330406,2584.7954155095754,84.46359284755843
mHealth,mHealth_Subject6_Ankle_X-Mag,7247.2410751255675,2647.655831872005,86.34593648864255
mHealth,mHealth_Subject6_Ankle_Y-Mag,6836.4039305342385,557.3956564158135,85.42145534977692
mHealth,mHealth_Subject6_Ankle_Z-Mag,7659.668592385758,2025.579983835614,82.05048715135996
mHealth,mHealth_Subject7_Ankle_X-Acc,6608.937588151645,517.610279489604,85.80046083712323
mHealth,mHealth_Subject7_Ankle_Y-Acc,6392.846611248184,1741.9345323912962,88.18594611628352
mHealth,mHealth_Subject7_Ankle_Z-Acc,6550.808786686097,1920.1005427943114,88.24044639314953
mHealth,mHealth_Subject7_Ankle_X-Gyro,6191.390292750291,2201.5377921120507,87.70304164379972
mHealth,mHealth_Subject7_Ankle_Y-Gyro,6822.858258321664,512.7633201997581,90.11386948818779
mHealth,mHealth_Subject7_Ankle_Z-Gyro,6742.477628745436,1606.188606766315,82.84952841703995
mHealth,mHealth_Subject7_Ankle_X-Mag,6962.218283521414,1689.0181032089522,91.83200274383397
mHealth,mHealth_Subject7_Ankle_Y-Mag,6533.091741369443,848.9345998410834,88.5347556102921
mHealth,mHealth_Subject7_Ankle_Z-Mag,6196.0493469845505,528.0431079760516,89.51041334352975
mHealth,mHealth_Subject8_Ankle_X-Acc,7304.891331742263,548.9146124225114,84.69390213051967
mHealth,mHealth_Subject8_Ankle_Y-Acc,6966.61950076601,530.7639086274612,77.91525227295284
mHealth,mHealth_Subject8_Ankle_Z-Acc,6985.3218545933105,2294.2887133687814,86.82977615282667
mHealth,mHealth_Subject8_Ankle_X-Gyro,6716.640470720993,554.3904574053921,74.46144295919943
mHealth,mHealth_Subject8_Ankle_Y-Gyro,6831.657802236091,1279.827247127377,96.38097701140785
mHealth,mHealth_Subject8_Ankle_Z-Gyro,7249.317630683238,557.7295794623261,101.87576786200964
mHealth,mHealth_Subject8_Ankle_X-Mag,7669.634166825816,2032.4923153472926,96.55323322544719
mHealth,mHealth_Subject8_Ankle_Y-Mag,7107.036247334753,557.2555315535997,102.0802073209443
mHealth,mHealth_Subject8_Ankle_Z-Mag,7246.795882205867,1972.2388389991122,105.70755465241045
mHealth,mHealth_Subject9_Ankle_X-Acc,7265.106383878628,2269.3837969669767,100.80420357695591
mHealth,mHealth_Subject9_Ankle_Y-Acc,6891.667970615021,2285.462624230534,100.99987346351068
mHealth,mHealth_Subject9_Ankle_Z-Acc,6790.240585691356,2230.1130831050464,109.01456249108907
mHealth,mHealth_Subject9_Ankle_X-Gyro,7013.697063981559,557.5030277734007,103.98191972525575
mHealth,mHealth_Subject9_Ankle_Y-Gyro,7157.0684227741185,562.2377040983912,104.32538246819752
mHealth,mHealth_Subject9_Ankle_Z-Gyro,7284.377836017742,1656.912039549044,102.54198396382345
mHealth,mHealth_Subject9_Ankle_X-Mag,7208.277118115951,2015.5416247422195,106.64737158652511
mHealth,mHealth_Subject9_Ankle_Y-Mag,7153.283151659013,2532.785990863864,104.96989716103391
mHealth,mHealth_Subject9_Ankle_Z-Mag,6830.391404451265,2545.4817587638477,104.68307286534854
mHealth,mHealth_Subject10_Ankle_X-Acc,6370.775744533594,556.8935620856151,112.32916814066053
mHealth,mHealth_Subject10_Ankle_Y-Acc,6733.125217342643,921.4699209406707,112.00648700081437
mHealth,mHealth_Subject10_Ankle_Z-Acc,7028.692671508237,570.8339920205236,115.70667050500965
mHealth,mHealth_Subject10_Ankle_X-Gyro,6816.678098614204,2380.794219948922,103.61920125004924
mHealth,mHealth_Subject10_Ankle_Y-Gyro,6654.933124737031,2789.191283549567,108.42675418734375
mHealth,mHealth_Subject10_Ankle_Z-Gyro,6653.093224271842,2269.8714817497344,110.19885315997911
mHealth,mHealth_Subject10_Ankle_X-Mag,7334.867508648786,966.538655521492,111.15274435927866
mHealth,mHealth_Subject10_Ankle_Y-Mag,6957.897389084629,586.8609003794476,105.54784406388461
mHealth,mHealth_Subject10_Ankle_Z-Mag,7369.70131818997,577.7554381294923,113.74523558886861
WESAD,WESAD_Subject2_chest_X-ACC,3580.361015222552,1452.9427511678225,73.76750490981024
WESAD,WESAD_Subject2_chest_Y-ACC,3638.7185903291684,632.0579783885445,70.01796446224779
WESAD,WESAD_Subject2_chest_Z-ACC,3475.0491246370484,378.4353440649377,71.65045179671237
WESAD,WESAD_Subject2_chest_ECG,3573.8786541504687,377.2604960425974,71.760788518395
WESAD,WESAD_Subject2_chest_EMG,3606.2195986425236,1428.176705157353,80.43881421435096
WESAD,WESAD_Subject2_chest_EDA,3623.5414669489264,1642.7268268300263,67.18982940348022
WESAD,WESAD_Subject2_chest_Temp,3564.8690766237096,921.7502897603208,82.41118111512148
WESAD,WESAD_Subject2_chest_Resp,3756.0476055263603,395.7141020533846,66.58155921759531
WESAD,WESAD_Subject3_chest_X-ACC,3758.0103703475784,381.62001083670265,67.97180261031878
WESAD,WESAD_Subject3_chest_Y-ACC,3751.1767953503163,382.1339367915624,67.53259342755682
WESAD,WESAD_Subject3_chest_Z-ACC,3674.001540272313,393.34914146187793,66.34500891122991
WESAD,WESAD_Subject3_chest_ECG,3606.32456866703,1506.444212515452,71.68958945029682
WESAD,WESAD_Subject3_chest_EMG,3657.608945376643,379.6023730544873,69.50367404513601
WESAD,WESAD_Subject3_chest_EDA,3655.299240139366,393.0792561711953,66.99962106441575
WESAD,WESAD_Subject3_chest_Temp,3682.0252896320576,1479.900355393449,72.64035952359151
WESAD,WESAD_Subject3_chest_Resp,4570.071688362949,408.86274372730105,66.71167582778963
WESAD,WESAD_Subject4_chest_X-ACC,3561.12302452833,1344.1987384529568,72.44437167766814
WESAD,WESAD_Subject4_chest_Y-ACC,3723.9611456518246,375.6718089288201,69.60807167311015
WESAD,WESAD_Subject4_chest_Z-ACC,3654.1596039827978,1489.5137707810356,70.06670747387044
WESAD,WESAD_Subject4_chest_ECG,3570.998483846494,629.9310621532801,70.918051054609
WESAD,WESAD_Subject4_chest_EMG,3611.1901052535477,1468.7112898242476,75.81901991729282
WESAD,WESAD_Subject4_chest_EDA,3737.049462638971,1743.584056155087,78.16504417443275
WESAD,WESAD_Subject4_chest_Temp,3665.7590376256944,347.2796050638673,74.23223188230256
WESAD,WESAD_Subject4_chest_Resp,4072.6058094410823,1467.2780599908665,67.16984539681468
WESAD,WESAD_Subject5_chest_X-ACC,3720.7688082462437,1704.4825878414233,73.85524504215269
WESAD,WESAD_Subject5_chest_Y-ACC,3537.0809072225697,380.59110672506284,71.57643586543875
WESAD,WESAD_Subject5_chest_Z-ACC,3641.7955660771813,1751.1570373191269,73.39361685911882
WESAD,WESAD_Subject5_chest_ECG,3726.477505809925,378.0654596172751,70.61618259698434
WESAD,WESAD_Subject5_chest_EMG,3607.1288517357243,346.74037617660576,72.2706466033458
WESAD,WESAD_Subject5_chest_EDA,3720.731369003009,375.24634075709827,69.97301135606996
WESAD,WESAD_Subject5_chest_Temp,3609.4766495185845,299.4727404245365,79.83439489777574
WESAD,WESAD_Subject5_chest_Resp,4749.8814557862715,411.76384111956344,66.88758821149382
MIT-BIH-VE,MIT-BIH-VE_ECG_Subject418,3595.601531466,346.7168709173552,50.90712077266419
MIT-BIH-VE,MIT-BIH-VE_ECG_Subject418,3478.043344237386,340.4549836510599,72.27296977012888
MIT-BIH-VE,MIT-BIH-VE_ECG_Subject419,3719.942861677646,344.39996925197073,70.84338138746493
MIT-BIH-VE,MIT-BIH-VE_ECG_Subject419,3749.724663074741,339.74907065524565,50.882865053981014
MIT-BIH-VE,MIT-BIH-VE_ECG_Subject420,3755.5173915506725,378.3623058203208,49.719167438430446
MIT-BIH-VE,MIT-BIH-VE_ECG_Subject420,3751.0765589724256,376.34323351640285,61.75843514881888
MIT-BIH-VE,MIT-BIH-VE_ECG_Subject421,3923.792329591382,1647.522404029545,55.79948302512342
MIT-BIH-VE,MIT-BIH-VE_ECG_Subject421,3875.91262053996,1668.754676088996,50.22208704328354
MIT-BIH-VE,MIT-BIH-VE_ECG_Subject422,3574.8733388329633,1652.6285056382167,70.91118547447819
MIT-BIH-VE,MIT-BIH-VE_ECG_Subject422,3582.3276204419485,1654.4610509615602,51.718927210902024
MIT-BIH-VE,MIT-BIH-VE_ECG_Subject423,3556.689601330325,1170.206854456559,52.126958892019935
MIT-BIH-VE,MIT-BIH-VE_ECG_Subject423,3541.347594059035,1149.0397081202766,70.66175820034918
MIT-BIH-VE,MIT-BIH-VE_ECG_Subject424,3689.911633996189,630.2051342920328,50.377357255981316
MIT-BIH-VE,MIT-BIH-VE_ECG_Subject424,3676.5043152706794,628.6280218568097,69.24363332818731
MIT-BIH-VE,MIT-BIH-VE_ECG_Subject425,3676.2939819557696,620.9750908084403,66.65455745915247
MIT-BIH-VE,MIT-BIH-VE_ECG_Subject425,3613.026053152362,628.7408207582673,50.665296087734596
MIT-BIH-VE,MIT-BIH-VE_ECG_Subject426,3697.60780269903,1244.07155473044,71.32297897118043
MIT-BIH-VE,MIT-BIH-VE_ECG_Subject426,3795.3646380310133,1221.417294007915,69.66902965746495
MIT-BIH-VE,MIT-BIH-VE_ECG_Subject427,3595.198704578004,1149.1070846982534,51.81043942221877
MIT-BIH-VE,MIT-BIH-VE_ECG_Subject427,3657.0006450949145,1165.1150441252366,70.93043432262701
MIT-BIH-VE,MIT-BIH-VE_ECG_Subject428,3666.5442157296848,1514.9742216314949,50.11349015980669
MIT-BIH-VE,MIT-BIH-VE_ECG_Subject428,3772.2926327627843,1512.3495439056248,49.93487479362309
MIT-BIH-VE,MIT-BIH-VE_ECG_Subject429,3783.274166528488,345.44418763209666,69.76367582719008
MIT-BIH-VE,MIT-BIH-VE_ECG_Subject429,3778.683990169376,341.3055194862437,67.32547331045244
MIT-BIH-VE,MIT-BIH-VE_ECG_Subject430,4144.869587007561,1294.9261046101983,51.17735169364721
MIT-BIH-VE,MIT-BIH-VE_ECG_Subject430,4048.651371093139,1293.6954892164933,71.44003439517877
MIT-BIH-VE,MIT-BIH-VE_ECG_Subject602,3797.744429161037,377.390219826784,66.2250678229841
MIT-BIH-VE,MIT-BIH-VE_ECG_Subject602,3718.059215581571,374.61985182949996,50.30935023010458
MIT-BIH-VE,MIT-BIH-VE_ECG_Subject605,3605.086344221336,1338.5086622034246,52.44677591042379
MIT-BIH-VE,MIT-BIH-VE_ECG_Subject605,3585.355849641238,1332.9762141947037,65.23030990387207
MIT-BIH-VE,MIT-BIH-VE_ECG_Subject607,3737.5853433118064,344.034589303139,50.67257559988985
MIT-BIH-VE,MIT-BIH-VE_ECG_Subject607,3639.734755542934,342.4785366091745,51.472079966819514
MIT-BIH-VE,MIT-BIH-VE_ECG_Subject609,3618.176893702099,343.53581482579386,72.5682846755889
MIT-BIH-VE,MIT-BIH-VE_ECG_Subject609,3526.449547086328,340.5239781905095,51.90316709062313
MIT-BIH-VE,MIT-BIH-VE_ECG_Subject610,3653.7139375824577,1701.2304303007995,70.74352062722193
MIT-BIH-VE,MIT-BIH-VE_ECG_Subject610,3686.3092650573635,1731.0947146216174,51.04533430938495
MIT-BIH-VE,MIT-BIH-VE_ECG_Subject611,3607.9263048409116,295.5828570770969,52.04778165201747
MIT-BIH-VE,MIT-BIH-VE_ECG_Subject611,3559.7562034854286,297.10063227937945,52.204852142096556
MIT-BIH-VE,MIT-BIH-VE_ECG_Subject612,3554.2554728425785,337.7120607404152,70.87519937547962
MIT-BIH-VE,MIT-BIH-VE_ECG_Subject612,3615.38127810959,341.9793240863992,70.85171966948407
MIT-BIH-VE,MIT-BIH-VE_ECG_Subject614,3751.1690250325887,1342.0788474134824,51.004488170539304
MIT-BIH-VE,MIT-BIH-VE_ECG_Subject614,3799.1968859611347,1343.5045585109672,67.77454168469893
MIT-BIH-VE,MIT-BIH-VE_ECG_Subject615,3586.5984188224684,1471.781408894572,63.26864611178342
MIT-BIH-VE,MIT-BIH-VE_ECG_Subject615,3548.3236738951323,1461.9950624110377,52.22069494980552
MIT-BIH-Arr,MIT-BIH-Arr_MLII_Subject100,3309.110474958664,1116.5150055666004,67.3957519760761
MIT-BIH-Arr,MIT-BIH-Arr_V5_Subject100,3330.185027641816,1134.6617033188868,48.54330119149921
MIT-BIH-Arr,MIT-BIH-Arr_MLII_Subject101,3315.288473195918,1149.36784945106,67.93345340491099
MIT-BIH-Arr,MIT-BIH-Arr_V1_Subject101,3521.0830808220203,1601.192035739788,36.59053236131278
MIT-BIH-Arr,MIT-BIH-Arr_V5_Subject102,3293.4069387828104,1602.0638525963234,70.02170004802194
MIT-BIH-Arr,MIT-BIH-Arr_V2_Subject102,3310.74522226357,1330.2622693926405,36.82354073621982
MIT-BIH-Arr,MIT-BIH-Arr_MLII_Subject103,3349.1276475691334,310.40386211934936,58.07306050056178
MIT-BIH-Arr,MIT-BIH-Arr_V2_Subject103,3324.0984763662223,332.6886509715762,37.500989081375316
MIT-BIH-Arr,MIT-BIH-Arr_V5_Subject104,3543.826640362386,1190.5288266774285,68.40794451727561
MIT-BIH-Arr,MIT-BIH-Arr_V2_Subject104,3457.157731279064,1601.225839380444,67.30843004193889
MIT-BIH-Arr,MIT-BIH-Arr_MLII_Subject105,3432.5469667480197,1579.2117809004487,45.87078811680087
MIT-BIH-Arr,MIT-BIH-Arr_V1_Subject105,3445.862478703245,1222.5583149971526,67.16269249567748
MIT-BIH-Arr,MIT-BIH-Arr_MLII_Subject106,3538.1609162116697,311.06669291431484,69.46112995775611
MIT-BIH-Arr,MIT-BIH-Arr_V1_Subject106,3370.853526042436,315.671588877093,37.23161008901459
MIT-BIH-Arr,MIT-BIH-Arr_MLII_Subject107,3139.8141867625245,1362.634674687847,36.68527719432697
MIT-BIH-Arr,MIT-BIH-Arr_V1_Subject107,3309.2398609854513,1545.4284396018272,35.03189262544252
MIT-BIH-Arr,MIT-BIH-Arr_MLII_Subject108,3328.3810437127026,329.79709832234306,35.49269010683133
MIT-BIH-Arr,MIT-BIH-Arr_V1_Subject108,3433.531530859577,330.29670736155845,35.92713150412035
MIT-BIH-Arr,MIT-BIH-Arr_MLII_Subject109,3344.845261540399,311.2754856384842,68.67910134198908
MIT-BIH-Arr,MIT-BIH-Arr_V1_Subject109,3342.3142173356805,1164.0450759800874,36.593068062860574
MIT-BIH-Arr,MIT-BIH-Arr_MLII_Subject111,3304.9005115630075,1037.2895044366949,69.31032378445715
MIT-BIH-Arr,MIT-BIH-Arr_V1_Subject111,3402.4861599949495,312.17059098877996,36.77172630789401
MIT-BIH-Arr,MIT-BIH-Arr_MLII_Subject112,3385.408379469071,311.9918956985173,68.70464210693875
MIT-BIH-Arr,MIT-BIH-Arr_V1_Subject112,3272.789744104095,308.48556316751854,38.43289858389278
MIT-BIH-Arr,MIT-BIH-Arr_MLII_Subject113,3358.454747069864,1489.4509863041314,56.23850923423471
MIT-BIH-Arr,MIT-BIH-Arr_V1_Subject113,3228.9405269889244,329.83697680561,37.00476934204822
MIT-BIH-Arr,MIT-BIH-Arr_V5_Subject114,3270.3436633091633,1568.0679605478922,37.30045576744018
MIT-BIH-Arr,MIT-BIH-Arr_MLII_Subject114,3342.906732490729,1345.6473174313703,45.47368488331593
MIT-BIH-Arr,MIT-BIH-Arr_MLII_Subject115,3255.2843030090758,1366.087487605383,37.643344073411825
MIT-BIH-Arr,MIT-BIH-Arr_V1_Subject115,3168.413356080918,332.15484114352336,37.75891726702078
MIT-BIH-Arr,MIT-BIH-Arr_MLII_Subject116,3222.328575589979,1006.0179529630273,71.63608700284323
MIT-BIH-Arr,MIT-BIH-Arr_V1_Subject116,3221.6759911882687,330.4651886775489,66.12247806185627
MIT-BIH-Arr,MIT-BIH-Arr_MLII_Subject117,3267.923580461759,1067.7380404920764,46.356670047941215
MIT-BIH-Arr,MIT-BIH-Arr_V2_Subject117,3287.3483868602148,1156.1366246847372,36.70599369042491
MIT-BIH-Arr,MIT-BIH-Arr_MLII_Subject118,3259.857810017493,308.3118737201618,38.695180856515826
MIT-BIH-Arr,MIT-BIH-Arr_V1_Subject118,3352.273679623206,312.09076198572814,38.206120306242404
MIT-BIH-Arr,MIT-BIH-Arr_MLII_Subject119,3443.704048074108,1365.889182930974,37.108096250320095
MIT-BIH-Arr,MIT-BIH-Arr_V1_Subject119,3335.2664195422385,1375.2001815433496,35.38346753739116
MIT-BIH-Arr,MIT-BIH-Arr_MLII_Subject121,3134.95166290376,325.14101528403387,46.11748890480088
MIT-BIH-Arr,MIT-BIH-Arr_V1_Subject121,3195.7687628254803,1238.0771739597092,36.62827746128675
MIT-BIH-Arr,MIT-BIH-Arr_MLII_Subject122,3330.58107776989,308.9095663870159,37.07788812317004
MIT-BIH-Arr,MIT-BIH-Arr_V1_Subject122,3146.317358963785,1245.201257760549,70.6539590774769
MIT-BIH-Arr,MIT-BIH-Arr_MLII_Subject123,3319.613116966057,1226.9556030079061,37.390026455261456
MIT-BIH-Arr,MIT-BIH-Arr_V5_Subject123,3310.3607875643697,1226.972023886389,37.68610200172318
MIT-BIH-Arr,MIT-BIH-Arr_MLII_Subject124,3270.155275022071,334.1578790384567,37.84361730877907
MIT-BIH-Arr,MIT-BIH-Arr_V4_Subject124,3291.06225464498,1330.9688228539055,46.92953526741833
MIT-BIH-Arr,MIT-BIH-Arr_MLII_Subject200,3433.9394835259927,329.1031244691155,38.1189294036184
MIT-BIH-Arr,MIT-BIH-Arr_V1_Subject200,3529.3946447463377,1056.6463216190812,36.95482961826848
MIT-BIH-Arr,MIT-BIH-Arr_MLII_Subject201,3376.690384193598,999.9506947388207,64.03137245661357
MIT-BIH-Arr,MIT-BIH-Arr_V1_Subject201,3409.9387438604062,308.24583550036095,38.52114802344412
MIT-BIH-Arr,MIT-BIH-Arr_MLII_Subject202,3419.5636815611815,342.03853504011397,67.43366099999342
MIT-BIH-Arr,MIT-BIH-Arr_V1_Subject202,3524.197738072298,1356.1055585890592,67.3014647120104
MIT-BIH-Arr,MIT-BIH-Arr_MLII_Subject203,3484.937403554357,1011.7629112621663,69.4809504484352
MIT-BIH-Arr,MIT-BIH-Arr_V1_Subject203,3545.9654223637594,325.77242596831644,71.32395227969803
MIT-BIH-Arr,MIT-BIH-Arr_MLII_Subject205,3414.134158244173,1017.9392530812789,47.65463079072589
MIT-BIH-Arr,MIT-BIH-Arr_V1_Subject205,3547.1760222251864,327.06396988837764,67.51653075518044
MIT-BIH-Arr,MIT-BIH-Arr_MLII_Subject207,3627.1349874556936,577.888814618816,60.28654718981049
MIT-BIH-Arr,MIT-BIH-Arr_V1_Subject207,3420.6579956670266,1279.9298047112638,65.54014101070234
MIT-BIH-Arr,MIT-BIH-Arr_MLII_Subject208,3563.283336448009,1504.946748385429,56.567508245680315
MIT-BIH-Arr,MIT-BIH-Arr_V1_Subject208,3439.555812587387,1210.8769386884946,66.34021023437157
MIT-BIH-Arr,MIT-BIH-Arr_MLII_Subject209,3560.4603971085553,321.47091480028655,68.95277264737032
MIT-BIH-Arr,MIT-BIH-Arr_V1_Subject209,3515.4190606670486,319.0399320784599,68.87280450836633
MIT-BIH-Arr,MIT-BIH-Arr_MLII_Subject210,3495.458995442729,346.74627406325124,67.88544419438837
MIT-BIH-Arr,MIT-BIH-Arr_V1_Subject210,3433.3561537072337,343.3960854283243,44.376879318169046
MIT-BIH-Arr,MIT-BIH-Arr_MLII_Subject212,3626.662441139965,325.043893927436,48.979670241114825
MIT-BIH-Arr,MIT-BIH-Arr_V1_Subject212,3731.140876686081,328.1636104209031,70.4294629370965
MIT-BIH-Arr,MIT-BIH-Arr_MLII_Subject213,3437.3798239130774,279.7539139961237,60.67086948340584
MIT-BIH-Arr,MIT-BIH-Arr_V1_Subject213,3516.3299988066133,1364.6519700787671,58.35872278200234
MIT-BIH-Arr,MIT-BIH-Arr_MLII_Subject214,3497.6184446962498,341.02999021406555,69.29873615182564
MIT-BIH-Arr,MIT-BIH-Arr_V1_Subject214,3560.417101220139,348.39884066801807,67.61577283410499
MIT-BIH-Arr,MIT-BIH-Arr_MLII_Subject215,3509.1377136261817,1497.1926716058047,69.94105056213937
MIT-BIH-Arr,MIT-BIH-Arr_V1_Subject215,3486.2637453993384,348.55561876269115,69.82767318772838
MIT-BIH-Arr,MIT-BIH-Arr_MLII_Subject217,3675.9416518347125,327.00923960078666,68.75301673032419
MIT-BIH-Arr,MIT-BIH-Arr_V1_Subject217,3457.786885529329,330.25103437926487,72.53412160470694
MIT-BIH-Arr,MIT-BIH-Arr_MLII_Subject219,3561.68911297941,1444.5700578363624,69.22271115832393
MIT-BIH-Arr,MIT-BIH-Arr_V1_Subject219,3497.4692043801024,345.6777517544475,68.92430986462315
MIT-BIH-Arr,MIT-BIH-Arr_MLII_Subject220,3378.482858487568,1026.6443264649354,67.79560294073711
MIT-BIH-Arr,MIT-BIH-Arr_V1_Subject220,3494.3270138518883,1509.3619334972805,64.42841506887929
MIT-BIH-Arr,MIT-BIH-Arr_MLII_Subject221,3465.2489640105123,343.5428689202618,69.90598677236767
MIT-BIH-Arr,MIT-BIH-Arr_V1_Subject221,3323.7678703018732,342.07219197845023,66.78354012224658
MIT-BIH-Arr,MIT-BIH-Arr_MLII_Subject222,3721.3021763778142,372.9169019628888,69.21984063030487
MIT-BIH-Arr,MIT-BIH-Arr_V1_Subject222,3607.738677167666,374.8846739393831,67.14192621193415
MIT-BIH-Arr,MIT-BIH-Arr_MLII_Subject223,3464.7033347769598,1561.3767095633696,71.74730821456907
MIT-BIH-Arr,MIT-BIH-Arr_V1_Subject223,3495.2093853577494,344.0821691511649,69.82045257069534
MIT-BIH-Arr,MIT-BIH-Arr_MLII_Subject228,3526.238469200206,1430.0230433913214,68.75544262794963
MIT-BIH-Arr,MIT-BIH-Arr_V1_Subject228,3491.464631275284,374.3965605835323,69.61184620899424
MIT-BIH-Arr,MIT-BIH-Arr_MLII_Subject230,3771.7963406380054,1612.0524781115516,65.89143006825597
MIT-BIH-Arr,MIT-BIH-Arr_V1_Subject230,3858.8244904511325,1143.1039327154256,73.86024517119785
MIT-BIH-Arr,MIT-BIH-Arr_MLII_Subject231,3398.3011840099566,1193.947055795442,70.64507308495281
MIT-BIH-Arr,MIT-BIH-Arr_V1_Subject231,3558.8963676206354,1657.8523334093052,71.71255907287575
MIT-BIH-Arr,MIT-BIH-Arr_MLII_Subject232,3563.132932321909,353.0615797351474,69.27765715258697
MIT-BIH-Arr,MIT-BIH-Arr_V1_Subject232,3573.300823992177,385.4466539221796,74.7217887662348
MIT-BIH-Arr,MIT-BIH-Arr_MLII_Subject233,3504.353701212118,388.1578231555106,66.3653206003781
MIT-BIH-Arr,MIT-BIH-Arr_V1_Subject233,3390.555831030972,1248.86067881265,62.65761064074139
MIT-BIH-Arr,MIT-BIH-Arr_MLII_Subject234,3438.7457021630407,358.1127543791281,68.24521739222644
MIT-BIH-Arr,MIT-BIH-Arr_V1_Subject234,3463.0621269083335,352.7333128042546,68.22368180736785
SleepDB,SleepDB_SubjectST7011J0-PSG_EEG_Fpz-Cz,3161.2398671585383,1105.9359981036803,57.20038906200542
SleepDB,SleepDB_SubjectST7011J0-PSG_EEG_Pz-Oz,3215.8275327508263,1245.9016991957908,41.19825727098146
SleepDB,SleepDB_SubjectST7011J0-PSG_EOG_horizontal,3168.089855288274,1102.7800125712024,52.63844200932887
SleepDB,SleepDB_SubjectST7011J0-PSG_EMG_submental,3146.9588587286353,351.1250646625175,36.616612474107406
SleepDB,SleepDB_SubjectST7022J0-PSG_EEG_Fpz-Cz,3224.9608446663124,346.8266516523046,59.2343237400652
SleepDB,SleepDB_SubjectST7022J0-PSG_EEG_Pz-Oz,3043.193070130966,1268.1764293315164,43.239113885832
SleepDB,SleepDB_SubjectST7022J0-PSG_EOG_horizontal,3111.9244605224494,1457.0632750427353,42.149783501069564
SleepDB,SleepDB_SubjectST7022J0-PSG_EMG_submental,3195.808993644422,1064.6637954756202,35.16421993193671
SleepDB,SleepDB_SubjectST7041J0-PSG_EEG_Fpz-Cz,3121.2586966521185,1470.0608219737526,41.71241615797995
SleepDB,SleepDB_SubjectST7041J0-PSG_EEG_Pz-Oz,3165.322176771339,349.9913903353507,36.20381167318507
SleepDB,SleepDB_SubjectST7041J0-PSG_EOG_horizontal,3149.6512519338103,334.26922315067657,57.66896495512024
SleepDB,SleepDB_SubjectST7041J0-PSG_EMG_submental,3073.9617289791713,1379.1301440237642,61.353536103984744
SleepDB,SleepDB_SubjectST7052J0-PSG_EEG_Fpz-Cz,3188.852262038529,782.4354598053479,33.802701693236905
SleepDB,SleepDB_SubjectST7052J0-PSG_EEG_Pz-Oz,3020.1659229297243,1072.745955135895,34.22835288529399
SleepDB,SleepDB_SubjectST7052J0-PSG_EOG_horizontal,3229.346697457891,1534.7027734407116,34.59949485310829
SleepDB,SleepDB_SubjectST7052J0-PSG_EMG_submental,3218.8668463127074,794.1916840776603,35.07305441286289
SleepDB,SleepDB_SubjectST7061J0-PSG_EEG_Fpz-Cz,3113.81075837583,350.930841363049,34.83234586885741
SleepDB,SleepDB_SubjectST7061J0-PSG_EEG_Pz-Oz,3098.6573689820693,790.4116413593254,37.799124599802546
SleepDB,SleepDB_SubjectST7061J0-PSG_EOG_horizontal,3147.002993198895,819.1478220352092,58.162088946686616
SleepDB,SleepDB_SubjectST7061J0-PSG_EMG_submental,3210.177379992195,347.33839345403334,35.08858294887793
SleepDB,SleepDB_SubjectST7071J0-PSG_EEG_Fpz-Cz,3192.4546647895277,1438.0366829751508,34.370875241116615
SleepDB,SleepDB_SubjectST7071J0-PSG_EEG_Pz-Oz,3073.1552979636176,1407.836484416765,33.62502935686391
SleepDB,SleepDB_SubjectST7071J0-PSG_EOG_horizontal,3151.7047727208824,328.0653297207216,34.21435188513951
SleepDB,SleepDB_SubjectST7071J0-PSG_EMG_submental,3127.7374109309567,1091.3728727126693,42.58204673020488
SleepDB,SleepDB_SubjectST7082J0-PSG_EEG_Fpz-Cz,3146.7087263130065,341.8706826798527,37.538159937518905
SleepDB,SleepDB_SubjectST7082J0-PSG_EEG_Pz-Oz,3164.0673385838536,343.0619349082728,57.057199826627
SleepDB,SleepDB_SubjectST7082J0-PSG_EOG_horizontal,3298.5239816220546,326.4876046371745,35.34281680443025
SleepDB,SleepDB_SubjectST7082J0-PSG_EMG_submental,3194.332615744929,343.14622858041207,35.17804540262828
SleepDB,SleepDB_SubjectST7092J0-PSG_EEG_Fpz-Cz,3240.194665328686,1452.6558501351865,42.00560804956692
SleepDB,SleepDB_SubjectST7092J0-PSG_EEG_Pz-Oz,3105.969415012445,341.80552290097967,46.67581233751561
SleepDB,SleepDB_SubjectST7092J0-PSG_EOG_horizontal,3239.4649279166874,1253.9013073955946,38.56283078365078
SleepDB,SleepDB_SubjectST7092J0-PSG_EMG_submental,3137.3892643951285,329.7505217659522,35.92504280708394
SleepDB,SleepDB_SubjectST7101J0-PSG_EEG_Fpz-Cz,3133.291434432987,345.9389037155203,35.350625402210824
SleepDB,SleepDB_SubjectST7101J0-PSG_EEG_Pz-Oz,3232.5698358414547,1062.087235231093,59.25751612729487
SleepDB,SleepDB_SubjectST7101J0-PSG_EOG_horizontal,3179.2950110089805,1467.4591207116725,38.83243308115117
SleepDB,SleepDB_SubjectST7101J0-PSG_EMG_submental,3105.091784336944,1073.2204628197487,33.66862217790201
SleepDB,SleepDB_SubjectST7112J0-PSG_EEG_Fpz-Cz,3193.5812993542113,351.2867725536019,37.3717126676337
SleepDB,SleepDB_SubjectST7112J0-PSG_EEG_Pz-Oz,3124.3242897439045,1035.5688210709757,39.980716957370625
SleepDB,SleepDB_SubjectST7112J0-PSG_EOG_horizontal,3230.8815900226978,1421.5452249433781,62.76802348946684
SleepDB,SleepDB_SubjectST7112J0-PSG_EMG_submental,3221.558860968547,343.4741806158004,57.89593063606606
SleepDB,SleepDB_SubjectST7121J0-PSG_EEG_Fpz-Cz,2997.160478635,1069.4347843501034,57.66858408658482
SleepDB,SleepDB_SubjectST7121J0-PSG_EEG_Pz-Oz,3230.998598212617,1067.07316134727,40.199203436781545
SleepDB,SleepDB_SubjectST7121J0-PSG_EOG_horizontal,3089.6542501615622,1508.9610595622758,33.57775363325159
SleepDB,SleepDB_SubjectST7121J0-PSG_EMG_submental,3205.2868494415725,1313.2803947761279,32.68920211212503
SleepDB,SleepDB_SubjectST7132J0-PSG_EEG_Fpz-Cz,3115.7187769785232,345.4849330883402,40.199795702373464
SleepDB,SleepDB_SubjectST7132J0-PSG_EEG_Pz-Oz,3179.6659771497752,1263.6811813127758,38.452569827741776
SleepDB,SleepDB_SubjectST7132J0-PSG_EOG_horizontal,3240.024627069321,342.4794001560386,38.91984458757312
SleepDB,SleepDB_SubjectST7132J0-PSG_EMG_submental,3174.4838704568647,1245.759149349479,34.71044721189773
SleepDB,SleepDB_SubjectST7141J0-PSG_EEG_Fpz-Cz,3190.5364690047472,347.385625855681,37.56110963477386
SleepDB,SleepDB_SubjectST7141J0-PSG_EEG_Pz-Oz,3340.0744932180974,1283.2756609141554,34.03862381013007
SleepDB,SleepDB_SubjectST7141J0-PSG_EOG_horizontal,3400.689693371718,347.2137380240028,44.42425500517116
SleepDB,SleepDB_SubjectST7141J0-PSG_EMG_submental,3553.0894035150473,1035.9112342708645,39.5008434160427
SleepDB,SleepDB_SubjectST7151J0-PSG_EEG_Fpz-Cz,3507.9318109431547,1255.2127222624908,48.08461925252703
SleepDB,SleepDB_SubjectST7151J0-PSG_EEG_Pz-Oz,3523.2138209374675,1230.4775203675185,46.59126133194235
SleepDB,SleepDB_SubjectST7151J0-PSG_EOG_horizontal,3473.890183646919,366.5821471910827,49.34029431996775
SleepDB,SleepDB_SubjectST7151J0-PSG_EMG_submental,3501.5824133746178,1435.1071365612145,47.99170358609372
SleepDB,SleepDB_SubjectST7162J0-PSG_EEG_Fpz-Cz,3417.137337331782,1299.8141551336505,49.234944612274646
SleepDB,SleepDB_SubjectST7162J0-PSG_EEG_Pz-Oz,3495.6942100760975,775.7206121054348,42.4587030661295
SleepDB,SleepDB_SubjectST7162J0-PSG_EOG_horizontal,3345.451760885331,1288.0457864088305,45.53288954216489
SleepDB,SleepDB_SubjectST7162J0-PSG_EMG_submental,3569.1124588009034,328.9002099562518,47.266959303020315
SleepDB,SleepDB_SubjectST7171J0-PSG_EEG_Fpz-Cz,3477.38970084676,1411.056524841699,47.689041038011354
SleepDB,SleepDB_SubjectST7171J0-PSG_EEG_Pz-Oz,3397.473954040433,785.4168959898036,41.00115455920685
SleepDB,SleepDB_SubjectST7171J0-PSG_EOG_horizontal,3441.607519316423,976.7325922002576,47.56989192311952
SleepDB,SleepDB_SubjectST7171J0-PSG_EMG_submental,3443.389726646154,363.6020808606485,44.36516457521567
SleepDB,SleepDB_SubjectST7182J0-PSG_EEG_Fpz-Cz,3552.2257619699535,1294.9160261455222,50.43311720330419
SleepDB,SleepDB_SubjectST7182J0-PSG_EEG_Pz-Oz,3531.6076806327833,1388.1712739624081,55.44060199197247
SleepDB,SleepDB_SubjectST7182J0-PSG_EOG_horizontal,3451.329306328268,366.13291625306863,57.852522252432735
SleepDB,SleepDB_SubjectST7182J0-PSG_EMG_submental,3559.509204718804,1427.2979985598174,53.40691636092494
SleepDB,SleepDB_SubjectST7192J0-PSG_EEG_Fpz-Cz,3462.625197186771,360.4405244491138,60.811566115889654
SleepDB,SleepDB_SubjectST7192J0-PSG_EEG_Pz-Oz,3561.8871835352597,1076.2846481217864,46.543738822914555
SleepDB,SleepDB_SubjectST7192J0-PSG_EOG_horizontal,3493.819952859556,1421.3682760667016,60.01237651110331
SleepDB,SleepDB_SubjectST7192J0-PSG_EMG_submental,3583.6982251598415,1242.4260067904725,50.46960270984851
SleepDB,SleepDB_SubjectST7201J0-PSG_EEG_Fpz-Cz,3381.3103181288175,358.7110322655833,49.55088930391669
SleepDB,SleepDB_SubjectST7201J0-PSG_EEG_Pz-Oz,3526.1115340077013,369.10148449372247,45.05441691350631
SleepDB,SleepDB_SubjectST7201J0-PSG_EOG_horizontal,3508.8261316163093,357.22941876956764,54.21829377782099
SleepDB,SleepDB_SubjectST7201J0-PSG_EMG_submental,3527.587856986258,362.08253715948825,53.338904650307306
SleepDB,SleepDB_SubjectST7212J0-PSG_EEG_Fpz-Cz,3516.645896546349,372.49417180327936,54.5570666269894
SleepDB,SleepDB_SubjectST7212J0-PSG_EEG_Pz-Oz,3486.9374108519282,1305.5740381127544,48.680245101111325
SleepDB,SleepDB_SubjectST7212J0-PSG_EOG_horizontal,3448.3833396539176,1427.0893678294674,49.64345001885378
SleepDB,SleepDB_SubjectST7212J0-PSG_EMG_submental,3482.7193019441015,366.961890408844,60.38929035866528
SleepDB,SleepDB_SubjectST7221J0-PSG_EEG_Fpz-Cz,3531.375235050468,376.1166373478269,56.7176331783023
SleepDB,SleepDB_SubjectST7221J0-PSG_EEG_Pz-Oz,3463.0873501477913,388.70284385437526,51.19585923914103
SleepDB,SleepDB_SubjectST7221J0-PSG_EOG_horizontal,3566.3763337690248,910.7727689751987,57.497520048749465
SleepDB,SleepDB_SubjectST7221J0-PSG_EMG_submental,3636.0168428331153,390.2705559865148,58.76095048865318
SleepDB,SleepDB_SubjectST7241J0-PSG_EEG_Fpz-Cz,3609.0914174887457,387.30184360630153,60.418622213138754
SleepDB,SleepDB_SubjectST7241J0-PSG_EEG_Pz-Oz,3572.034081827646,1224.3955554133465,59.80308569203385
SleepDB,SleepDB_SubjectST7241J0-PSG_EOG_horizontal,3606.6876682581747,1585.9157762198636,63.75479677278358
SleepDB,SleepDB_SubjectST7241J0-PSG_EMG_submental,3535.1050074160794,1246.9884807555795,59.78697422567591
